blog-item-link-click,blog-item-link-click-href,blog-detail-title,blog-detail-date,blog-detail-content
"绝世武功：往复需折叠  进退必转换…","http://blog.sina.com.cn/s/blog_5d9eeb970100dqsh.html","绝世武功：往复需折叠  进退必转换（二）","(2009-06-15 09:49:07)","<p>&nbsp;<wbr>&nbsp;<wbr>&nbsp;<wbr>
接着说这个问题。</p>
<p>&nbsp;<wbr>&nbsp;<wbr>&nbsp;<wbr>
上回说了木头人的折叠，再补充一点，一般我们说折叠都是上下关系，以人为本就是直立关系。在动物就不一样了，因为是四肢着地，它们的折叠就以前后为主了，这与我们无关，我们说人，直立不动时，下蹲上起这是上下折叠，前后之折叠呢？“往复”也。</p>
<p>
&nbsp;<wbr>&nbsp;<wbr>&nbsp;<wbr>&nbsp;<wbr>两脚一开，前后左右也，我们说前后，先人真是大智，一个往复就解决了静动之形态。</p>
<p>
&nbsp;<wbr>&nbsp;<wbr>&nbsp;<wbr>&nbsp;<wbr>看我们的人体之结构，我们的弯腰拾物就是人体之大折叠，穿裙子的优雅女人捡东西就麻烦了些，那是好多个折叠。</p>
<p><a href=""http://photo.blog.sina.com.cn/showpic.html#blogid=5d9eeb970100dqsh&amp;url=http://s3.sinaimg.cn/orignal/5d9eeb97t6c598d9e98a2&amp;690"" target=""_blank""><img src=""http://s3.sinaimg.cn/bmiddle/5d9eeb97t6c598d9e98a2&amp;690"" real_src=""http://s3.sinaimg.cn/bmiddle/5d9eeb97t6c598d9e98a2&amp;690"" alt=""绝世武功：往复需折叠&nbsp;<wbr>&nbsp;<wbr>进退必转换（二）"" title=""绝世武功：往复需折叠&nbsp;<wbr>&nbsp;<wbr>进退必转换（二）""></a></p>
<p>看看两脚一开的折叠。看下图：<a href=""http://photo.blog.sina.com.cn/showpic.html#blogid=5d9eeb970100dqsh&amp;url=http://s8.sinaimg.cn/orignal/5d9eeb97t6c599b215cd7&amp;690"" target=""_blank""><img src=""http://s8.sinaimg.cn/bmiddle/5d9eeb97t6c599b215cd7&amp;690"" real_src=""http://s8.sinaimg.cn/bmiddle/5d9eeb97t6c599b215cd7&amp;690"" alt=""绝世武功：往复需折叠&nbsp;<wbr>&nbsp;<wbr>进退必转换（二）"" title=""绝世武功：往复需折叠&nbsp;<wbr>&nbsp;<wbr>进退必转换（二）""></a></p>
<p>这就有了上下折叠：后腿弯为主的折叠。</p>
<p>
&nbsp;<wbr>&nbsp;<wbr>&nbsp;<wbr>&nbsp;<wbr>&nbsp;<wbr>&nbsp;<wbr>&nbsp;<wbr>&nbsp;<wbr>前后折叠：手腕，两手臂之折叠，前腿弯之折叠（这里不很明显，老前辈的还行，初学者再叠些还好）还有我们眼看不很明显的的含胸拔背之折叠，身弓之折叠，足弓之折叠，手弓之折叠，，，，，</p>
<p>
&nbsp;<wbr>&nbsp;<wbr>&nbsp;<wbr>&nbsp;<wbr>此为往复之动那一刻之折叠解。</p>
<p>&nbsp;<wbr>&nbsp;<wbr>&nbsp;<wbr>
我们看往复须有折叠的后面紧跟的进退必有转换，加上这个补数，这样，我们不懂的就有些明了了。很明显，这是一句递进式的补充语。</p>
<p>
&nbsp;<wbr>&nbsp;<wbr>&nbsp;<wbr>&nbsp;<wbr>我来翻译翻译看看您能够理解深刻么？</p>
<p>&nbsp;<wbr>&nbsp;<wbr>&nbsp;<wbr>
它的意思是：我们在做动桩打拳的那一刻，要知道我们的身体结构的原因而要懂得人体动作就是骨架在肌肉的牵连下做出的折叠形态，往前往后都要知道是这个折叠的缘故，当然往左往右也是这个折叠的缘故，而在我们往前往后折叠的过程中，要知道一个筋腱肌肉转换的变化规律，那就是要努力掌握这种筋腱肌肉变换的转换规律。</p>
<p>&nbsp;<wbr>&nbsp;<wbr>&nbsp;<wbr>
此为“往复需折叠，进退（必）转换”。</p>
<p>&nbsp;<wbr>&nbsp;<wbr>&nbsp;<wbr>
先说这个原文释义，这是结果，您要知道内家拳的最初就是这个样子的，概莫能焉。</p>
<p>&nbsp;<wbr>&nbsp;<wbr>&nbsp;<wbr>
当然，我是不喜欢说结果的，因为结果无意义，这是跟佛祖学的，佛祖就不说佛的结果怎么怎么的有本事，那样会使众生痴迷，但是明白很重要，不然，我说了练法，您还一塌糊涂，还可能要骂我，因为没有这么练的啊，世事就是这样，有时真理是掌握在少数人手里，譬如科学家，有时，大多数的赞同又是正确的，譬如道德准则。可是，这话翻过来看看也可行，就是这样，变化才是一切的本质。</p>
<p>&nbsp;<wbr>&nbsp;<wbr>&nbsp;<wbr>
看各位的渊源了。是宝不是宝，全是自找。</p>
<p>&nbsp;<wbr></p>"
"学佛","http://blog.sina.com.cn/s/blog_5d9eeb970100cgop.html","学佛","(2009-03-14 22:12:39)","<p>&nbsp;<wbr>&nbsp;<wbr>&nbsp;<wbr>
那时，论辈分一个姑姑打来电话，说明天来邀我一起去某某名山，去的目的是说那里佛法广大，应该学习,</p>
<p>我推脱有事情就拒绝了.</p>
<p>&nbsp;<wbr>&nbsp;<wbr>&nbsp;<wbr>
本不是具体的佛门中人，也学不了那些我记不下想不来的一些佛法表象，为什么姑姑给我电话呢？还特意驱车来接？</p>
<p>&nbsp;<wbr>&nbsp;<wbr>&nbsp;<wbr>
说来是偶然！“姑姑”是信佛的，信得一塌糊涂，是那种天天佛不离口的一种！算是有口无心吧？</p>
<p>&nbsp;<wbr>&nbsp;<wbr>&nbsp;<wbr>
有次相见，是在我的老家，姑姑拿了一个小播音机，样子很好笑，我说的是那种收音机的样子以及姑姑的形态很好笑！佛祖也不会想到在千年之后的某天，佛是能够依靠机械可以修为的！</p>
<p>&nbsp;<wbr>&nbsp;<wbr>&nbsp;<wbr>
我在心里哭笑不得！</p>
<p>&nbsp;<wbr>&nbsp;<wbr>&nbsp;<wbr>
姑姑是看我高寿的的爷爷奶奶来的，这点她一直是这么做的，所以，我总是对姑姑恭敬有加！就不由对她的谈论很仔细，我觉得这是应该的，不仅仅是长辈的原因，我觉得我应该帮姑姑做点事情，对于佛的言论，姑姑只是一种膜拜的思想，修为当然也就是一遍遍的“诵经”了！而且，她还用了更现代更方便的方式，就姑姑的话说，现在，自从有了这个，省事多了！</p>
<p>&nbsp;<wbr>&nbsp;<wbr>&nbsp;<wbr>
我不由对姑姑从她接受的思想里开始慢慢说我认知的佛的原像！说了很长一段时间，从开始姑姑就一直惊诧的睁大了眼睛！我知道，这与她所认知的佛是决然不一样的，所以，我说，我没有系统的学习过佛的思想，只是我从一些偶尔的书籍上看到的一些只言片语，加上自己的理解，所以，不一定对！姑姑说，对对对，我们只是在乎了形势，在乎了精神素质信仰，只知道求佛赐福了却没想到佛原来应该是身体力行的啊，这才是应该修为的佛性啊！</p>
<p>&nbsp;<wbr>&nbsp;<wbr>&nbsp;<wbr>
我心里说，哪里是在乎了精神素质信仰啊，只是一种假借罢了，一种自我平衡的精神疗法罢了，可是这话不能说！</p>
<p>&nbsp;<wbr>&nbsp;<wbr>&nbsp;<wbr>
姑姑由此对我另眼相看了，我知道至少，我从她那时打给我的电话里，我听出来她身体是发生一些变化了！她说，我现在是我们这地方的大师了！她开始大笑！我也笑！</p>
<p>&nbsp;<wbr>&nbsp;<wbr>&nbsp;<wbr>
姑姑说，你说得对，信仰是一回事，身体是一回事，信仰在，身体跟，慢慢就看到佛性了！佛要一步一步走，没有身体力行，哪里有佛行啊！姑姑说，我看《金刚经》了，开篇就是吃穿睡！</p>
<p>&nbsp;<wbr>&nbsp;<wbr>&nbsp;<wbr>
姑姑算是佛中人了。</p>"
"桩功之要义","http://blog.sina.com.cn/s/blog_5d9eeb970100d2ik.html","桩功之要义","(2009-04-26 08:55:55)","<p>&nbsp;<wbr>&nbsp;<wbr>&nbsp;<wbr>
武术桩功分静桩与动桩。单纯的从外形是这样的说法！其实桩功都是动的，不仅是桩功，人其实就没有静的一刻，只是我们没有意识到而已。这我们需要知道！</p>
<p>&nbsp;<wbr>&nbsp;<wbr>&nbsp;<wbr>
静桩是要我们知道什么是“拳意”！</p>
<p>&nbsp;<wbr>&nbsp;<wbr>&nbsp;<wbr>
动桩是要我们知道什么是“拳形”！</p>
<p>&nbsp;<wbr>&nbsp;<wbr>&nbsp;<wbr>
这是我们“武者”一定要知道的东西！加“”以区分武者与养生之区别！</p>
<p>&nbsp;<wbr>&nbsp;<wbr>&nbsp;<wbr>
先说“静桩”，静桩，各式纷杂，千奇百怪，但大多都以浑圆桩为主，为什么呢？这是我们武者必须保持的一个好习惯，每一个动作都要这样问一下，这样才能精进不糊涂！</p>
<p>
&nbsp;<wbr>&nbsp;<wbr>&nbsp;<wbr>&nbsp;<wbr>前边的博客其实我已经说了，武者要知道阴阳之要义，关于松静也做了阐述，在这里我们就知道我单独阐述他们的原因了！所以，我的博客要细看，要有衔接才有意义！其实“关系”本身就是人生之要义！</p>
<p>&nbsp;<wbr>&nbsp;<wbr>&nbsp;<wbr>
桩的功用是为“功”。祖先觉得“功”应该先从底部抓起，这也符合从下到上的原则！当然，可以齐头并进，这个道理也有人做，也很有效，从拳种上我们也能片面看出一点点的端的。譬如“形意三年打死人”，“太极十年不出门”这是老话，有道理，都是内家拳种，为何这样呢？当然是练法的问题！说这个比如，不是说哪个拳种好孬的问题，是只说明我们武者练功快慢的问题！</p>
<p>
&nbsp;<wbr>&nbsp;<wbr>&nbsp;<wbr>&nbsp;<wbr>现在，我们说说为什么静桩是为了“拳意”呢？</p>
<p>&nbsp;<wbr>&nbsp;<wbr>&nbsp;<wbr>
拳意者，功之开端也，劲之起始也，筋之端的也！</p>
<p>
&nbsp;<wbr>&nbsp;<wbr>&nbsp;<wbr>&nbsp;<wbr>我们已经知道松静是神经调配肌肉筋腱的必须条件了，我们又知道阴面肌肉是我们武者必须要调配的原因了！这样，我们现在必须要知道的是：</p>
<p>
&nbsp;<wbr>&nbsp;<wbr>&nbsp;<wbr>&nbsp;<wbr>什么样的姿势才是神经最容易调配肌肉的最佳姿势呢？</p>
<p>&nbsp;<wbr>&nbsp;<wbr>&nbsp;<wbr>
这就是“静桩”的最大目的！</p>
<p>&nbsp;<wbr>&nbsp;<wbr>&nbsp;<wbr>
拿浑圆桩为例！大多介绍浑圆桩的资料都要求“平行站立，肩宽，屈膝”，我们只从这两点具体分析站桩姿势的原因与外形的重要性，然后，你就会自动分辨所有站桩动作的真假与否了，因为，站桩的姿势实在是太多，不好一一细讲，知其一，就可知全貌！</p>
<p>&nbsp;<wbr>&nbsp;<wbr>&nbsp;<wbr>
为何要平行站立呢？这其实很简单，因为我们人体走路大多都是八字，这样，在长久的运行过程中，我们的神经就忽视了我们不需要多余的内侧肌肉调配的功能，而顺势把更多的精力充分的运用到适应地球引力作用下而省力的外侧支撑上！而平行站立，就改变了这种八字站立方式，使我们的内侧肌肉在站立时为了维持自身的平衡而不得不参与了运动，于是，慢慢从别扭到适应到神经自由调配，这就是平行站立的原因！</p>
<p>&nbsp;<wbr>&nbsp;<wbr>&nbsp;<wbr>
在这里要注意：两脚平行，是脚外侧平行！！！！</p>
<p>&nbsp;<wbr>&nbsp;<wbr>&nbsp;<wbr>
距离一肩宽是最佳距离么？</p>
<p>&nbsp;<wbr>&nbsp;<wbr>&nbsp;<wbr>
非也！为什么这样说呢？你可以自己试验，当我们把距离往外开移一下，你会觉得，大一点的距离更能使我们的内侧肌肉更容易参与站立的姿势！当然，知道了这个道理，你自己要把握这个距离的‘度’，能最大的使你的内侧肌肉参与站立的姿势就是最佳姿势！</p>
<p>&nbsp;<wbr>&nbsp;<wbr>&nbsp;<wbr>
为什么要屈膝呢？</p>
<p>&nbsp;<wbr>&nbsp;<wbr>&nbsp;<wbr>
我们已经说过，凡关节处顺折为阴，反折为阳，屈膝，也是为了练阴，屈膝高低自己调配，还是有个最佳姿势，方法同上！</p>
<p>
&nbsp;<wbr>&nbsp;<wbr>&nbsp;<wbr>&nbsp;<wbr>在这里，我还要说一下我们一般资料不会透露的内家拳主要的东西！“意”！</p>
<p>&nbsp;<wbr>&nbsp;<wbr>&nbsp;<wbr>
一般教学资料把外形给你就不管了，至于阴阳也是用先人之语搪塞！可以理解！</p>
<p>
&nbsp;<wbr>&nbsp;<wbr>&nbsp;<wbr>在这里，我们在上面的基础上，还要增加几点武者的重要事项：</p>
<p>&nbsp;<wbr>&nbsp;<wbr>&nbsp;<wbr>
《一》，脚尖要有内扣之意，后跟要有外撇之意，膝盖要有上顶之意也要有内扣之意！其实这几点，你不可能一下子找出来，你可以慢慢从一开始加二加三，你要注意是加，而不是黒傻子掰棒子，拿了这个丢那个！其实，这几点不要误解，也是为了使我们的阴面肌肉参与工作而已，你可以慢慢仔细体会！只要认知了这点，所有都会迎刃而解！</p>
<p>
&nbsp;<wbr>&nbsp;<wbr>&nbsp;<wbr>&nbsp;<wbr>
《二》，其实若是只知道这个，当你用这样的方法与标准站了10几分钟时，你就会有些感受的，其实，你根本不能站这么多！没关系，两个字“坚持”。为什么呢？因为，我怕你还是找不到什么是“拳意”！当你觉得实在累了时，你可以抛了那许多的“顶。扣”之法，当然姿势外形还是不要变的！就那么松站也行，不怕你站跑了，因为你已经知道了秘诀啊，当不累的时候再慢慢把思想加上去，这样，总是会有的！这里说个重点了！一定要注意！当你站过了疲劳点，想停下来歇歇时，你要注意了，你在要挪动自己的双脚的时候不要快速动作，慢慢的动一下，或是用你的思想动一下，有一种拔不出来的感觉会注入你的双脚，你见过旧时打墙盖屋要用脚活泥的吗，或是你自己也弄过？趟泥步也！这就是“拳意”！实质：阴面肌肉参与运动的感受，当然这个时候只是假象，它在你休息过来时就没了！不过，你要记住它！一定要记住！在这里，我们用皮筋来增加你的这种感觉！“皮筋”！！！！</p>
<p>
&nbsp;<wbr>&nbsp;<wbr>&nbsp;<wbr>&nbsp;<wbr>&nbsp;<wbr>&nbsp;<wbr>《三》，皮筋！再也没有更好的方法了，对于初学者而言，当你在上面站桩里知道什么叫拳意的时候，这时，你要在你的身体上用你的思想加上这个东西！”皮筋“。譬如：内扣之意，就是把你的两膝盖之间拴上一段皮筋！这样，就有拳意了，当然，最初，肯定不行，会有的，面包会有的！以此类推，胯与脚踝间，脚后跟与外界之间，尾椎骨与大地之间，大椎骨与重心点之间，两手之间，左手与右肩，右手与左肩之间。。。都要有皮筋！</p>
<p>
&nbsp;<wbr>&nbsp;<wbr>&nbsp;<wbr>&nbsp;<wbr>&nbsp;<wbr>&nbsp;<wbr>
《四》还是皮筋，因为我们只是把二者之间联系了皮筋，这样就会使拳者慢慢在站中容易使姿势变形或是发生误导，如此，我们不得不还要用皮筋把我们二者之间的两端与外界再用皮筋拉住，这样就有了互争相对的阴阳矛盾力了，譬如：还是两膝，当中间有了皮筋的牵拉时，我们也要把两膝外侧各用一根皮筋拉住，这样以此类推！</p>
<p>
&nbsp;<wbr>&nbsp;<wbr>&nbsp;<wbr>&nbsp;<wbr>&nbsp;<wbr>有了这些“姿势，意”，其实所有的意思我们一定要从意上走回来，那就是真正的阴面肌肉用起来，在表现上就是有上还有下，有左也有右，这里是指“纯力”也！</p>
<p>
&nbsp;<wbr>&nbsp;<wbr>&nbsp;<wbr>&nbsp;<wbr>这就是“静桩”之要义！！！！！！</p>
<p>
&nbsp;<wbr>&nbsp;<wbr>&nbsp;<wbr>&nbsp;<wbr>重申：在站桩中一定要学着提肛，就是忍大便状，可是不要真为，是意为之，要知道速而有害，这至关重要！先知道，我还要详述！</p>
<p>&nbsp;<wbr>&nbsp;<wbr>&nbsp;<wbr>
最后重申！这些动作一定“要在一个呼吸平稳，意为平顺的基础上”修炼的！不要产生憋气，压气等不符合身体健康的“一切行为”，以免顾此失彼！这样，我们就没有了后顾之忧，不然，学了之后，叫太极家们耻笑！说我们糟蹋东西！而且对我们的身体产生不好的影响！</p>
<p>
&nbsp;<wbr>&nbsp;<wbr>&nbsp;<wbr>&nbsp;<wbr>其实，度是衡量好坏的标准！这样，就无好，无坏，无大无小，这也是就是太极一面！</p>
<p>
&nbsp;<wbr>&nbsp;<wbr>&nbsp;<wbr>“重申”乃是“重要之要”不可当耳旁风！！！！！！！！！！！！！！！！！！！！</p>
<p>
&nbsp;<wbr>&nbsp;<wbr>&nbsp;<wbr>&nbsp;<wbr></p>
<p>
&nbsp;<wbr>&nbsp;<wbr>&nbsp;<wbr>应博友要求补缀站桩图，找不到合适的图片，以咏春拳桩做桩，主要看脚的位置，至于上身，网上多得是：</p>
<p><a href=""http://photo.blog.sina.com.cn/showpic.html#blogid=5d9eeb970100d2ik&amp;url=http://s4.sinaimg.cn/orignal/5d9eeb97t763f9f8d48b3&amp;690"" target=""_blank""><img src=""http://simg.sinajs.cn/blog7style/images/common/sg_trans.gif"" real_src=""http://s4.sinaimg.cn/bmiddle/5d9eeb97t763f9f8d48b3&amp;690"" alt=""桩功之要义"" title=""桩功之要义""></a></p>
<p>&nbsp;<wbr>&nbsp;<wbr></p>
<p>&nbsp;<wbr>&nbsp;<wbr>&nbsp;<wbr></p>"
"丹田与内劲的关系","http://blog.sina.com.cn/s/blog_5d9eeb970100bhe9.html","丹田与内劲的关系","(2008-12-05 08:37:47)","<p>丹田指下腹部,无所谓脐下几寸.</p>
<p>
内家拳的特点就是发力的方式与劲力的通达有明显的独到之处,故为内家,这样就不得不关注丹田,丹田是名谓而已,它的存在与劲力的生成及浑厚是互为左右,也可说是阴阳关系.</p>
<p>说丹田必说命门腰椎,无腰椎也无丹田,无丹田决无劲力,这就是腰脊板似牛之说!当然，还有诸多因素！</p>
<p>现在我们看看道家与佛家的修为与丹田的关系是怎样的?</p>
<p>
道家修为分为动功,静功等八个方面.我们只说动功与静功!道家的动功只是相对于静功而言,有导引,服气,缘督,吐纳,武术等,道家静功表现在一个""静""字,有心斋,坐忘,存思,内视,守一等.综观道家动静各功,在练功时,无论外形动与不动,但精神活动都要保持相对宁静,即为""动中有静""""外动内静""静中有动""佛家也是大同小异,这就是丹田修为的必须基点,&lt;静&gt;.</p>
<p>
可见,""静""是一切道佛修为的关键,一代大师吴图南先贤在他的&lt;科学的内功拳&gt;里把心宽腹实定为一切内家拳的基点,这与我们时下的各种太极拳也是切合的,于是人们自然的把""静"",""心宽腹实""自以为是的找到""松""这么一个外衣来穿着!</p>
<p>很对么??????????</p>
<p>
无论在小说还是电影里,我们总是看到师傅对刚拜师的弟子说:站桩去!画面闪过一站就是三年!时下&lt;李小龙传奇&gt;里还是这么样的镜头!可见,站桩的重要性,先不说这种方式的对错,我们说站桩与丹田有什么关系呢?</p>
<p>马子步一开,不动为""静"",""松""站为本,于是漫漫坐了下来!丹田似乎是实了,你们注意哦,是""似乎""哦?</p>
<p>这就是内家拳的特点,也是道佛修为的特点哦!</p>
<p>
佛家有小乘,大乘之分.佛祖在他的&lt;金刚经&gt;说:应用便知一切,一切即一,一即一切,去来自由,心体无滞,既是般若,</p>
<p>佛法难修,人人有佛,可是佛无二法,你得到的可是大道么??????</p>
<p>内家拳连广场上的老妪也会几招,说来也是头头是道,什么麻,热,涨,清爽之类,此为修为道上的拦路虎.但也不是坏事！</p>
<p>般若无形相,智慧心既是,若做如是解,既名般若智.</p>
<p>你的丹田真的实了么???????</p>
<p>我们探讨的可是武学哦!可不是修身养性哦!</p>
<p>
练武,不是丹田自己的事情,它不过是结果中的一个实物表象而已!扑鼠的猫,捉鹿的虎,你看到它的四肢了么?你看到它的眼神了么?你看到它的腹围了么?</p>
<p>
武术只不过把人变成杀人的虎豹而已,当然就是站住的问题,当然就是扑出去的问题,这就是内家拳的浑圆力,整体劲!不动则已,动则如猛虎下山,所以,迈步如猫行不是练法,是练成的结果!象扑鼠的猫那样一触即发!当然，练法与结果也是相互依存的，看待的角度不同，意义相差很大。</p>
<p>站桩是练武的方法,但不是唯一的方法哦,丹田是劲力的必然,静坐也可得哦!</p>
<p>套路是练武的一个途径,但不是随便打的哦!</p>
<p>要是爷爷的爷爷在,他会笑掉大牙的哦!</p>"
"武学之桩精解！！！！","http://blog.sina.com.cn/s/blog_5d9eeb970100dd0n.html","武学之桩精解！！！！","(2009-05-14 08:24:05)","<p>还是站桩！</p>
<p>如此重要，乃武者一生之根本，坐卧站行皆为桩， 动为桩移，说“移”乃不散之意！</p>
<p>
说桩必左右上下皆有联系，此为合者是也！无有联系就无虚实之分，众生这里会有异议，我们怎么没有联系啊，看，胳膊在肩上，腰在胯上，，，，，据理力争！也对，在武却是天地之别了，不能言！</p>
<p>&nbsp;<wbr>&nbsp;<wbr>&nbsp;<wbr>
众生之四肢乃至全身，在武皆为断散之身，就别说什么意气力了，那更遥远，所以武者要使我们的机体相互之间产生联系，最初非桩功不可，走架也可，只是慢些，还有别法，可是方法不当会有弊病，所以，还是以桩功为最要，这是认识乃至深入的奠基石，唯桩功的联系兼合思想的深入才可渐入武者之门径，此为“悟”之先机，有灯须有点火器，否则有也无！武者当思！</p>
<p>
&nbsp;<wbr>&nbsp;<wbr>&nbsp;<wbr>&nbsp;<wbr>
桩功之形，有知自己身体骨骼框架才可妙，以浑圆桩为例，须知骨骼，肌肉，乃至神经调配肌肉的能力，这样一闭眼，一副医院的骷髅骨架活脱出现，这时，你慢慢加上拉起两臂内侧肌肉，这才是抱劲！因为肌肉不是单一工作，你细想：要抱需有胸部肌肉的参入方可行，然后有胸必有腹，有腹必有腰，有腰必有胯，有胯必有下肢。。。。。。。如此，可下推可上延，这是肌肉与骨的关系与联系，同时，这里有意气一起动作方可为一心一意！这样浑圆桩初步建立！</p>
<p>
&nbsp;<wbr>&nbsp;<wbr>&nbsp;<wbr>&nbsp;<wbr>
这只是一种初步的建立，在武者只是九牛一毛！武者不可不知，这是死圆！只是个框架而已，你动不了，一动就没了，这不是真有，真就是真，非似有似无！可就是这点点的死圆，在我们拳界也是秘而不宣，为之：需口授！！！！！惭愧！</p>
<p>
&nbsp;<wbr>&nbsp;<wbr>&nbsp;<wbr>&nbsp;<wbr>
这里再深入一些，我们说，三体桩！以此为例，先拿先辈的描述来说三体桩的结果！以此来说明我不是胡言乱语！</p>
<p>
&nbsp;<wbr>&nbsp;<wbr>&nbsp;<wbr>&nbsp;<wbr>
“三体式，是要凭空站出根尾巴来的”乍一看，这不是胡说八道么，怎么会凭空站出尾巴来？这就是武者的眩迷，世人都是这样的，只靠自己的眼耳口鼻舌等“觉”来感知现象的，当“觉”中不存在的东西打死他也不会相信，这就是愚钝，其实，在武你要是站不出尾巴来，你是不能算一个“武者的”这是先贤把内在看不到的东西用形象的比喻这样描述，以此来对武者一个启示，这是个标尺，你有了就知道，你没有就不知道！如此而已，这不是练法，只是一种结果，但是，当你知道有尾巴的时候，就无所谓结果还是练法了！</p>
<p>
&nbsp;<wbr>&nbsp;<wbr>&nbsp;<wbr>&nbsp;<wbr>&nbsp;<wbr>&nbsp;<wbr>这根尾巴，确切说还是联系的结果，是内在的联系加强所带出来的一种确切感受，尾巴在动物身上是一种平衡器，有的竟然直接把它当成了座位，例如袋鼠，我们武者接人发放与此皆有联系，武者不可漠视！</p>
<p>
&nbsp;<wbr>&nbsp;<wbr>&nbsp;<wbr>&nbsp;<wbr>&nbsp;<wbr>
那天在老家，我坐在门口与老者漫谈他的琐事，这是我喜欢做的事，老者喜欢我更是，停下话头时我忽然看到了一个有趣的事，一只鸡在我面前自在的啄食吃，它的尾巴很是好玩，当它把头伸下啄食的时候，它的尾巴却是望下拉垂的，我看了好久，，，，，，我笑。老者也笑！</p>
<p>
&nbsp;<wbr>&nbsp;<wbr>&nbsp;<wbr>&nbsp;<wbr>&nbsp;<wbr>
这是尾巴与劲的关系，一个是现形，一个是内在，我们武者当细思之！</p>
<p>
&nbsp;<wbr>&nbsp;<wbr>&nbsp;<wbr>&nbsp;<wbr>&nbsp;<wbr>
形意拳中有鸡，我不精，可是我想不可少了这点，因为这一点在我们所有拳当中不可不谓“灵魂”！！！！！！！！</p>"
"武术中的“劲”","http://blog.sina.com.cn/s/blog_5d9eeb970100cs56.html","武术中的“劲”","(2009-04-11 09:24:07)","<p>&nbsp;<wbr>&nbsp;<wbr>&nbsp;<wbr>
武术，中国的武术，我想若是离了“劲”不能言！</p>
<p>“劲”在武术中犹如身中的骨，是互相的关系，是一体，不可分说，也如灯光，灯燃必有光！</p>
<p>
前人把劲细分，有：明劲，暗劲，化劲。。。不一而足，无可厚非，我不甚赞同，因为这不利于奋进者求学参悟，把本来非常简单的东西复杂化，不甚完美，只说不甚完美！当然，有需要者喜欢这样明晰，我的意思是说，记录只是为了帮助，帮助特别需要帮助，帮助应该需要帮助的那些奋进却无门的渴求着，至于已经入门者，他自己会知道的！应该会知道的！这是我的思想，所以说话可能偏激！请谅解！没有反对的意思！真的！没有反对的意思！</p>
<p>
&nbsp;<wbr>&nbsp;<wbr>&nbsp;<wbr>&nbsp;<wbr>“劲”我理解应该无明暗之分，只是有大小之别，在自己的个体是这样，在人群互为之中应该也是这样!</p>
<p>
&nbsp;<wbr>&nbsp;<wbr>&nbsp;<wbr>&nbsp;<wbr>
先说个体，自身的劲力，随着功力的精深，就是神经支配肌肉能力的增大，从外到里慢慢成为一体，自然，人们的力度也慢慢发生着翻天覆地的变化，一动无有不动，最大的感受应该是呼吸的牵动往来所带来的表象感觉！在佛家，道家这时又有了各种呼吸定位的表象，如，风像，息像等！在这里我以为无论怎样定位表达都是指一种意思，就是因为神经支配肌肉的能力而已，一吸一呼往来牵动肌肉与更多的原先省力废弃的肌肉参与运动所带来的感觉表象反应！功力越大，表里参与运动的肌肉越多，应该说参与运动的肌肉越多，我们的功力就越大！就这样由外及里，于是，前人就说易筋易骨易髓，说法不同，道理唯一，无论叫father,还是爹地，都是我们的有且只有的父亲，仅此而已！</p>
<p>
&nbsp;<wbr>&nbsp;<wbr>&nbsp;<wbr>&nbsp;<wbr>&nbsp;<wbr>
表象不是实质，表象只是与实质有联系，我辈总是执迷于表象却看不到实质，于是，有的执迷于呼吸，要重呼吸调整，有的执迷于拳架的规整，高低，遍数，岂不知，都在执迷表象忽视本质，不是不行，只是说，这种执迷会大大延长了通向武术的准确道路，若是这种延长无限期归结到我们的终生，求知奋进的意义在哪里呢？</p>
<p>
&nbsp;<wbr>&nbsp;<wbr>&nbsp;<wbr>&nbsp;<wbr>&nbsp;<wbr>
再说“劲”对于群体互为的大小，个体如沙粒，如山川形态各异，作为人群，瘦弱，肥胖，高矮无所不同！当然，对应的力气，健康素质也不尽相同，所以劲力就会有大有小，醇厚功力的瘦小者应对醇厚功力的肥大者，一比就知，劲力的大小只是相对的，要有一个界定才有意义，这与各种运动相吻合，例如举重，拳击等等，要分级别才行！所以各种功夫有各种工夫的技巧与长处，我们武者要选择与之对应的拳种来精进！这样才能发挥于自己身体对应的极致！当然，可以博采众长，可是这却不是明智的，因为我辈已很少有这样的大家了，如先人大家孙禄堂，我们只能膜拜了！我辈不如，真的不如！</p>
<p>
&nbsp;<wbr>&nbsp;<wbr>&nbsp;<wbr>&nbsp;<wbr>&nbsp;<wbr>&nbsp;<wbr>学拳要懂理，就像学佛要明心见性，若只烧香求福报，一辈子糊涂！</p>
<p>
&nbsp;<wbr>&nbsp;<wbr>&nbsp;<wbr>&nbsp;<wbr>&nbsp;<wbr>重申，诉说只是用了我们众生的普遍理解事物的方式表达，希望是让众生知道然后快速找到那个东西，但是，在你知道这种东西之后就有了变化，这时，修炼的方式也要发生变化，不然会有害于身，所以重申，我之语言，不能确切表述具体，我只能用我最大的理解来表述我们需要的“那种东西”但是，这确实是不可能的，所以，佛祖《金刚经》翻来覆去在重申，可是最后，他好像说自己什么也没有！只可意会，不可言传，知之为知之不知为不知，是也！！！！！！！！！！</p>"
"书拳，真宝","http://blog.sina.com.cn/s/blog_5d9eeb970100do3q.html","书拳，真宝","(2009-06-09 10:19:00)","<p><a href=""http://photo.blog.sina.com.cn/showpic.html#blogid=5d9eeb970100do3q&amp;url=http://s2.sinaimg.cn/orignal/5d9eeb97t6be10314e2c1&amp;690"" target=""_blank""><img src=""http://s2.sinaimg.cn/bmiddle/5d9eeb97t6be10314e2c1&amp;690"" real_src=""http://s2.sinaimg.cn/bmiddle/5d9eeb97t6be10314e2c1&amp;690"" alt=""书拳，真宝"" title=""书拳，真宝""></a><a href=""http://photo.blog.sina.com.cn/showpic.html#blogid=5d9eeb970100do3q&amp;url=http://s15.sinaimg.cn/orignal/5d9eeb97t6be1bc840c6e&amp;690"" target=""_blank""><img src=""http://s15.sinaimg.cn/bmiddle/5d9eeb97t6be1bc840c6e&amp;690"" real_src=""http://s15.sinaimg.cn/bmiddle/5d9eeb97t6be1bc840c6e&amp;690"" alt=""书拳，真宝"" title=""书拳，真宝""></a></p>
<p>先生以道为武，以书为伴，以人为师，可谓三宝，三宝者，真宝也！</p>
<p>此书是真宝先生灵动之拳，好字，好拳。</p>
<p>先生闲来无事在这里为家，<a href=""http://blog.sina.com.cn/u/1327796752"">http://blog.sina.com.cn/u/1327796752</a></p>
<p>习拳的要看看，这是我的意思。</p>"
"拳与艺术","http://blog.sina.com.cn/s/blog_5d9eeb970100dd20.html","拳与艺术","(2009-05-14 10:03:06)","<p>&nbsp;<wbr>&nbsp;<wbr>&nbsp;<wbr>
那天，与孩童到老刘家中玩耍，他工书法，他也会中医，我不知他的水平，我看他案头的一本记忆流水的集子，首页就两个字“阴阳”我觉得应该还行！</p>
<p>&nbsp;<wbr>&nbsp;<wbr>&nbsp;<wbr>
书法我不懂，可是我想起我的拳，我把字的九宫格，看做我的站桩也很合味，老刘写字与一般的写手不同，他全身都在运动，只是有主有负，这与打拳很像，我们打拳就是有虚有实，说白了就是要打还是要抓的事情！老刘说写字要知道铁画银勾，这个就是拳啊，好理解！他说写字要知道什么是方中有圆，断而有接！这个拳也然，这还不是重要的，写字要看章法，我说什么章法，这也要九宫八卦吗，老刘就笑，你看浓墨淡笔，非坐落有致不可有其性，你看这入木漏痕，非刚娜相济不可有其势，或飘逸，或韵丰，雄逸，或刚猛，皆为一气呵成也，不知所谓，只知所以然也！</p>
<p>
&nbsp;<wbr>&nbsp;<wbr>&nbsp;<wbr>&nbsp;<wbr>
我不由大汗淋淋，随着他的运笔与话头，我记起了家师之剑形，家师剑形连贯循环，飘渺无定，如燕尾，若蛟龙，声东击西，忽南忽北，或劈，或砍，或扫，或撩，或刺，或弸，或绞，或挂，或剪，或削，。。。。脚踏八卦，其步也步也趋，动若蛟龙，如影形随，一静，莫不叹然！</p>
<p>
&nbsp;<wbr>&nbsp;<wbr>&nbsp;<wbr>&nbsp;<wbr>&nbsp;<wbr>老刘之书，家师之剑异名而通谓也！</p>
<p>
&nbsp;<wbr>&nbsp;<wbr>&nbsp;<wbr>&nbsp;<wbr>
大道归一！</p>
<p>&nbsp;<wbr></p>"
"绝世武功：书画艺术与武学艺术的关…","http://blog.sina.com.cn/s/blog_5d9eeb970100ds2q.html","绝世武功：书画艺术与武学艺术的关联","(2009-06-18 06:10:12)","<p>&nbsp;<wbr>&nbsp;<wbr>&nbsp;<wbr>
先说一个所见所闻，那天，在古摊上闲逛，偶遇一位书法者，于是一起来到了一个装裱店，正有一个画家在做画，已经画了一幅淡兰，淡兰放在一边又在画菊，很有韵味，我站在一边默学，当中小心说了几句实在也恭维的话，这位先生性格外向，一下子提了兴致，画毕，确实，淡菊灵动韵美，字体功深力足，可惜，，，，，，</p>
<p>&nbsp;<wbr>&nbsp;<wbr>&nbsp;<wbr>
我们今天就说说这个可惜，我们艺术讲究功力深厚，这当然包括武学，可是武学功力深厚者未必就是一个真正意义的格斗家，这不容置疑。所以我们要学走架技击功夫，走架拳式当中有无穷的技击技巧与技击习惯，要着熟与心，以至自然而然，加上散手的练习才可渐入佳境，这是武学的真正途径，已经不在健身的范围。</p>
<p>&nbsp;<wbr>&nbsp;<wbr>&nbsp;<wbr>
同样，书法也是这样，但就从两字来解，两字分开来看，我们就可以很明了，书是写字，法是方法，合起来就是写成好字的方法，自然结果就是写字的最高境界：书法艺术。写字与打拳类似，可以先练功，再练架，功就是我们博文在探讨的阴阳腕力与整体之劲，架就是字的结构问题，就是怎么才能最好看的问题，我们大多练字都是先从结构练起，老师总是说先摹赵孟頫的吧！为何？当然是要了一个端庄匀称，可是这老师一句吩咐的练法就是功，架齐头并进之法，有效么，很难。一般要十年几十年的时间，也不见得很好啊。</p>
<p>&nbsp;<wbr>&nbsp;<wbr>&nbsp;<wbr>
我曾经见过很多书法家，正楷写的无与伦比，可是行草就写不了了，有的人说了，他没有摹对路子，可见，临摹是个大学问，这在书家是个常识不用说，这当然还存在一个功的问题，为何有的临行草不是乱就是浅呢？不清不灵，一塌糊涂。</p>
<p>&nbsp;<wbr>&nbsp;<wbr>&nbsp;<wbr>
我所说的问题是，怎么样用最短的时间达到最好的成绩的问题，这包括一切艺术与人生。这里，您可能会“扑哧”一下，笑归笑，我还是希望您看下去。</p>
<p>&nbsp;<wbr>&nbsp;<wbr>&nbsp;<wbr>
为学日益，为道日损。这句话很有意思。这是完全为道的出发点而言，可是，我们为何不？也为道也为学呢？这样，大家可能天天日进。而对于生活与社会就更加的有意了。当然，方法很重要。</p>
<p>
&nbsp;<wbr>&nbsp;<wbr>&nbsp;<wbr>&nbsp;<wbr>
我的意思是说，在练功的时候专心致志，在练架的时候也专心致志，因为我们不可能一起专心致志啊，这样，这两个专心致志到时再一起能够专心致志，自然，功成名就，看看这个功成名就吧，本身它的造词就已经说明了一切，功有成，名则就。实在是有意思的很。</p>
<p>&nbsp;<wbr>&nbsp;<wbr>&nbsp;<wbr>
画画很难，没有功不成，没有知识更不行，所以画家就写字而言有功难有架，写字的到时总喜欢画一幅兰草，似乎兰草就是几个笔画而已，可是，几笔叶子要有光影明暗，远近大小，厚重轻薄，风轻云淡，这些有几个“书法家”在意了呢？所以，书法家，有架难有功。其实，书，画结合并不是很难的，我说的是哪些已经在“家”的层次而言，只是法还不够明确。</p>
<p>&nbsp;<wbr>&nbsp;<wbr>&nbsp;<wbr>
都在讲随性而为，觉得那是高境界，可是这个随性却不是随心而变性，我的理解应该是，“随我性，随物性”此二性之合才可堪为真性。</p>
<p>&nbsp;<wbr>&nbsp;<wbr>&nbsp;<wbr>
艺术出于生活而要高于生活哦。</p>
<p>&nbsp;<wbr>&nbsp;<wbr>&nbsp;<wbr>
这里提一下前面的博文，我的博文前面讲的一些东西都是功的范围，没有讲一点架，大家要知道，我不是只宣扬功而鼻叱架的，只是话要一步一步讲，没有多余的口来得及。我是这样一点点讲的，架还没有开篇，如此而已。</p>
<p>&nbsp;<wbr>&nbsp;<wbr>&nbsp;<wbr>
说艺术，我的学问少，自然全是大白话，唯一的优点可能就是看得懂，这样很好，这也是“随我性，随大家性”的一面。这也还没失了字的意义，甲骨文，金文现在我们能够翻译出来，无非就是因为看得懂。</p>
<p>&nbsp;<wbr>&nbsp;<wbr>&nbsp;<wbr>
字者，最懂为上。要懂得妙，懂得灵，懂得天衣无缝，懂得地动山摇，懂得如痴如醉也。。。。。。。</p>
<p>&nbsp;<wbr>&nbsp;<wbr>&nbsp;<wbr> 先说这些。</p>"
"武术的区别与传承","http://blog.sina.com.cn/s/blog_5d9eeb970100bh30.html","武术的区别与传承","(2008-12-04 13:23:54)","<p>爷爷的爷爷说:江湖险恶,功夫就是饭碗,武功决不外传!!!</p>
<p>
&nbsp;<wbr>&nbsp;<wbr>&nbsp;<wbr>&nbsp;<wbr>&nbsp;<wbr>
爷爷说:世道变了,练武只为防身,绝不欺男霸女!</p>
<p>
&nbsp;<wbr>&nbsp;<wbr>&nbsp;<wbr>&nbsp;<wbr>&nbsp;<wbr>&nbsp;<wbr>&nbsp;<wbr>&nbsp;<wbr>我说:练武只为健身,只图一乐!</p>"
"绝世武功：动桩训练（三）","http://blog.sina.com.cn/s/blog_5d9eeb970100dl12.html","绝世武功：动桩训练（三）","(2009-06-01 16:30:01)","<p>&nbsp;<wbr>&nbsp;<wbr>&nbsp;<wbr>
再补一点，含胸拔背解，此句不可分而言之，应该是，含胸就是拔背，说拔背就是含胸，以后我们把局部分解开来分析，您一定要知道这是无奈之举，您要知道，说局部就是说全身，千万要谨记，不然何来整体也！</p>
<p>&nbsp;<wbr>&nbsp;<wbr>&nbsp;<wbr> 继续！</p>
<p>&nbsp;<wbr>&nbsp;<wbr>&nbsp;<wbr>
我再把那图拿过来，不然不好说，我们真要谢谢上传者，谢谢！</p>
<p><a href=""http://photo.blog.sina.com.cn/showpic.html#blogid=5d9eeb970100dl12&amp;url=http://s9.sinaimg.cn/orignal/5d9eeb97t712088ea1d78&amp;690"" target=""_blank""><img src=""http://s9.sinaimg.cn/bmiddle/5d9eeb97t712088ea1d78&amp;690"" real_src=""http://s9.sinaimg.cn/bmiddle/5d9eeb97t712088ea1d78&amp;690"" alt=""绝世武功：动桩训练（三）"" title=""绝世武功：动桩训练（三）""></a></p>
<p>
上面我们说了含胸拔背，这是上体，算是交代了，这样，您把这个含胸拔背做起来，听我说说中部！哈哈，有些累！那没办法，这个有些累我要说说，旧时记得我在做这些动作的时候，我的一个累就是，全身火烧火燎，唯一希望的就是祈祷家师今天有事情，或是瓢泼大雨也行！有时下雨家师就会额外宽恕些！至于别的一个字：苦！那个时代过去了，据我研究，这样也不一定是最快的增功练法，因为“生理记忆”有一个有序的记忆过程，这样，应该是天天坚持，多寡以自己的承受力为准则，这样应该是最好的，最坏的就是打渔晒网，想起来累死一回，丢下去不闻不问，这样我劝您别练了！</p>
<p>&nbsp;<wbr>&nbsp;<wbr>&nbsp;<wbr>
说中部，中部是武学的大问题，这个大问题就是因为它的特殊性，除了一柱支撑就是肉了，成也是它败也是它，先说成！这个成是说肉，就是武学的带脉拉起，我这里通俗说就是腹围肌肉全都在我们的神经灵活调配之内谓成，这个是初成，还有个更成，就是我们的脊柱要改变它的原来状态，通过训练必须节节开阔圆韵，这里有个譬如，要是没有经过训练我们的脊柱是紧连的串珠，若是训练后必须是松活有度的节节串珠才为有成！成了因为只有一柱相连，所以灵，力，活，展，，，全在此，说败，就是不成，没有承载之力，当然无成之美！当然还有更更成，更更更。。。。。</p>
<p>
&nbsp;<wbr>&nbsp;<wbr>&nbsp;<wbr>&nbsp;<wbr>这是结果，我说说你就可以知道一部分的九曲连珠之意，珠者，关节也！关节者，圆活开阔也！这样，先人说肩部是挂着，你可能就知道了！</p>
<p>&nbsp;<wbr>&nbsp;<wbr>&nbsp;<wbr>
这不是咱探讨的，咱们说的是怎样才能这样的问题，好接着说，怎样才能带脉拉起，腹围有力？就是所谓的气沉丹田呢？这必须有个实相才能说得清楚，我想了许久，忽然记起了家师说过的一句话：你拉车子要感知感知什么是含胸拔背，气沉丹田！真好！！！！！！！！！！！！！！再也找不到这样的确切的形象的完全的比喻了！这个很重要！</p>
<p>&nbsp;<wbr>&nbsp;<wbr>&nbsp;<wbr>
家师说的是我们乡下的独轮车，中间是独轮，两边各有一只大的编篓，大力的可以推千斤！上大坡前面要有人拉，这就是拉车子！</p>
<p><a href=""http://photo.blog.sina.com.cn/showpic.html#blogid=5d9eeb970100dl12&amp;url=http://s15.sinaimg.cn/orignal/5d9eeb97t71209e0753be&amp;690"" target=""_blank""><img src=""http://s15.sinaimg.cn/bmiddle/5d9eeb97t71209e0753be&amp;690"" real_src=""http://s15.sinaimg.cn/bmiddle/5d9eeb97t71209e0753be&amp;690"" alt=""绝世武功：动桩训练（三）"" title=""绝世武功：动桩训练（三）""></a></p>
<p>
看当中那位穿红衣服的女性，比较用力合理，可惜力过了！这第一位连最起码的用力方式都不会！可见，现在练会拉车子的也没有了，不知是退步还是进步？</p>
<p>&nbsp;<wbr>&nbsp;<wbr>&nbsp;<wbr>
好！现在我们把这个绳索叫我们上面的两位先生拉起！其实是叫你拉起，这就是“意”意必须是真心实意才可真，不然，全都成了摆设！这个很重要！</p>
<p>&nbsp;<wbr>&nbsp;<wbr>&nbsp;<wbr>
好！现在就有尾巴了！没有“尾巴”就不能支撑，这个先不说！我们是说丹田，有丹田必须有后背（命门）这个以后我们要知道，凡物事都有对立性，即阴阳，六祖临去时也语重心长对他的弟子交代，凡言论必须是矛盾对立才可，这与道，佛同理！很好！</p>
<p>&nbsp;<wbr>&nbsp;<wbr>&nbsp;<wbr>
怎样才能气沉丹田呢？你可以找个东西这个样子来试试！只是试试，有所感知！这样，我们以后就会有真意了！这个很重要，不然，我说，气沉丹田，你茫然无措！这是很麻烦的事！</p>
<p>
&nbsp;<wbr>&nbsp;<wbr>&nbsp;<wbr>&nbsp;<wbr>
所谓的“气沉丹田”最初就是腹部拉起。命门拱起，这也是一体的，说气沉丹田一定就是命门拱起，说命门拱起一定就是气沉丹田！不可分离！这样，我们就知道什么是塌腰了！大师对塌腰这说那说，弄得大家茫然无措，你看，先贤真会开玩笑！他总是把简单的事弄得糊涂起来才可罢休！我这样说，您见过有几个这样说的么？不是吓了您一挑，说，我真好，就是会骂我一句，这个傻子！怎么都行！</p>
<p>
&nbsp;<wbr>&nbsp;<wbr>&nbsp;<wbr>&nbsp;<wbr>
好！现在，您再把这个气沉丹田加到您的含胸拔背上去试试看？累坏了吧？</p>
<p>
&nbsp;<wbr>&nbsp;<wbr>&nbsp;<wbr>&nbsp;<wbr>
早着呢，这就是“戒持”，太难了！！！！！！！</p>
<p>待续</p>
<p>&nbsp;<wbr></p>
<p>&nbsp;<wbr>&nbsp;<wbr>&nbsp;<wbr></p>"
"重要发帖","http://blog.sina.com.cn/s/blog_5d9eeb970100dalv.html","重要发帖","(2009-05-09 16:14:13)","<p>
请广大光临过我的博客的博友们注意了，请再舍弃您的宝贵时间再光临我的博客，因为，通过别人的提醒，我注意到我的诉说可能会误导喜欢武学的博友走入歧途，现在，我又改正了我的一些主要观点，以期修正过去的不足，望博友再重新认真观看，这样，在此对自己的知识与认知写作的浅薄表示道歉！</p>
<p>望见谅！</p>
<p>望再次认真，不是我想增加人气，因为不重视确实会对我们的修为有所损害，望明鉴！</p>
<p>谢谢！！！！！！</p>"
"武学之劲“圆”！","http://blog.sina.com.cn/s/blog_5d9eeb970100df4x.html","武学之劲“圆”！","(2009-05-19 08:15:27)","<p>&nbsp;<wbr>&nbsp;<wbr>&nbsp;<wbr>
忽然记起先贤遗言：无使有缺陷处，无使有凹凸处，无使有断续处！</p>
<p>&nbsp;<wbr>&nbsp;<wbr>&nbsp;<wbr>
那时，总是不知其妙美，得其形不知其意，家师搭手便不知左右，不止搭手，连一个步子也迈不开！时下练武，人们已经早已没有了早先众多的规矩，或跑或跳，皆随心所遇，岂不知，哪里有武的影子在？</p>
<p>&nbsp;<wbr>&nbsp;<wbr>&nbsp;<wbr>
一个事物或是一个工作，若没有了一个过程的规矩，其结果往往南辕北辙，譬如我们做文章，不管你的辞藻怎样的华丽，若是脱离了中心思想，那这个文章也就没了意义！也许，别人会说：这篇文章的作者造词不错，可惜，“结果”还是跑题了！</p>
<p>
&nbsp;<wbr>&nbsp;<wbr>&nbsp;<wbr>&nbsp;<wbr>
回到拳上，拳者若丢失了劲的内涵，一切皆为架式，俗称花架子！</p>
<p>
&nbsp;<wbr>&nbsp;<wbr>&nbsp;<wbr>&nbsp;<wbr>
“劲”者乃有形有物之外显，是能量的阳性，是肌肉若一也！我们站桩有度者，不久就可以体会，可是，这种体会一动就跑了，所以还是为假！这就像婴儿学步，牙牙学语，只知其一站，一语，不能灵活运用也！</p>
<p>
&nbsp;<wbr>&nbsp;<wbr>&nbsp;<wbr>&nbsp;<wbr>
劲之一圆，得其妙，非一日之功，非一时之意，维“如履薄冰”不得其要，“如履薄冰”者，人也，地也！地者，大力之源也！人者，力之折叠也！“折叠”：上下，左右，前后，无有断续也！知一者，加二连三，才可知圆通之妙！</p>
<p>
&nbsp;<wbr>&nbsp;<wbr>&nbsp;<wbr>&nbsp;<wbr>
故先贤有语：往复须有折叠！</p>
<p>
&nbsp;<wbr>&nbsp;<wbr>&nbsp;<wbr>&nbsp;<wbr>
武者，在静，劲之圆皆有形有意，在动却没了头绪，就像傻子掰棒子，拿了那个丢了这个，有的就根本不知怎么拿，怎么夹！这是个大事情，是武者的大事情！每到此时，有句老话说得好：教拳不教步，教步打师傅！可见“步”不是一般的重要！</p>
<p>
&nbsp;<wbr>&nbsp;<wbr>&nbsp;<wbr>&nbsp;<wbr>&nbsp;<wbr>步者，动也！动则有虚实，论劲则是劲的互换之妙，其妙在于无有凸凹，无有断接，无有缺陷也！</p>
<p>
&nbsp;<wbr>&nbsp;<wbr>&nbsp;<wbr>&nbsp;<wbr>
步者！非一膊一臂之劲，非一顶一含之纵收，，，，，，，凡一者皆为局部也，此为凸凹，断接，缺陷也！</p>
<p>
&nbsp;<wbr>&nbsp;<wbr>&nbsp;<wbr>&nbsp;<wbr>&nbsp;<wbr>步者，人之全称也，在下为根，在进为蹬，为收，收也是放，蹬也是拉，要知互为之其妙！</p>
<p>
&nbsp;<wbr>&nbsp;<wbr>&nbsp;<wbr>&nbsp;<wbr>
知步者乃知拳，不知则谓胡言乱语！世事就是这样，我说世事只“阴阳”，他说“阴阳”皆荒唐！</p>
<p>
&nbsp;<wbr>&nbsp;<wbr>&nbsp;<wbr>&nbsp;<wbr>
一人一世界，大道却唯一！</p>"
"修行之路","http://blog.sina.com.cn/s/blog_5d9eeb970100cb8l.html","修行之路","(2009-03-03 20:16:49)","<p>说佛，好像没有资格！</p>
<p>也不对！对与不对只是相对的！有与无，大与小，都有一个“以为”的空间界定才有意义！所以，无错，无对。</p>
<p>那就说说！</p>
<p>
佛在我最初的印象中，特别的特别，都是遥不可及的事情，还有些许阴暗生厌的成分在。即使现在，我也特别的对大部分影视，传播的“佛”极其厌恶！原来，“开示者”是这么的至关重要！我的最初认识就是“开示者”无端扭曲的产物！</p>
<p>
现在，由于我的渊源，我没有看过什么专著，就连《金刚经》。。。。也没有全部看完，就是说我对佛可谓一无所知，可是，由于我的渊源，我真的是五体投地！多谢我的家教与师傅，多谢书摊的一本《金刚经》！</p>
<p>
我觉得，任何道路都能明知佛的境界，我说的是方式，就是修行！这与成佛无关，我的意思是，我没成佛并不能代表我没在成佛的路上，尽管这路也长也短，就是说，我的说法就是对的也不一定！所以我觉得有必要说一说！</p>
<p>
佛在我们每一个人的心里，各有千秋，于是，世人幻化的佛五颜六色，对与错我不知，我觉得佛只是那一个，哪一个？那一个！！！！！！！佛法无二，打个比方，最初石头的名字也许并不叫石头，或者叫树叶，或者叫鱼，可是实质就是指硬梆梆的那同一个东西“石头”！为何叫石头？因为在生活过程中，它的这个名称最能表达这个东西的思想，习性以及最能表达它与人类以及与环境的最贴切最适宜的各种关系，所以，它就叫石头！石头是表象，本与硬硬的物件无关，是世人给予它的定义，佛也一样！所以，说佛最初就要剥离本体，要明白表象与本体的关系！</p>
<p>
说佛，世人都在拜模他的样子，好像虔诚就是成佛的道路，也许连这一点点的思想都没有也不一定，世人都在想什么呢？我不知道，只有他自己知道，佛也知道！所以佛说拖了一个臭皮囊！</p>
<p>
我觉得求佛，在我们愚者，“修为”是最重要的，立地成佛少而又少，所以佛经苦口婆心记录佛的修为之道，道为一，由此生2，3，变化万千皆为假！</p>
<p>以无我，无人，无众生，无寿者，修一切善法，既得。。。。。。。。。。</p>
<p>
此为修行之一法！佛！包罗万象，我说的是它的内容，我们现在人求佛应该是求养生之道，至于保佑亲人平安以及其他我觉得那不切实际！着像便无！</p>
<p>
修行应该是有路可循，此路也只是一条：以无我，无人，无众生，无寿者，修一切善法，既得。。。。。。。。。。这好像还是没有章法，还是没有道路！</p>
<p>为何要坐禅？为何要念经？为何敲木鱼？为何是青衣素菜？为何有那么多的戒律？为何是大手印？为何是阿弥陀佛？</p>
<p>皆有法！</p>
<p>此为无我，无人，无众生，无寿者，修一切善法之行径！</p>
<p>斩断七情六欲，皆为放下，放下是指一切，心静如水，无色无空！</p>
<p>修为是实证，不是思想，当然也是思想，无思无所依即为眠！佛不是睡觉，佛是吃喝拉撒！世尊食时着衣持钵。。。。。。。。</p>
<p>佛的修为很难理解，也许不难，关键是老师！老师也有假，你要辨别，老师都成天病魔缠身！我想他离佛实在是远得很！</p>
<p>因为极乐是佛的主要思想！怎能会摆布不了自己的痛苦？</p>
<p>佛是什么？</p>
<p>戒，定，慧！</p>
<p>所以，武者，文也！习武，佛之路！&nbsp;<wbr></p>"
"绝世武功：书拳释道","http://blog.sina.com.cn/s/blog_5d9eeb970100dpeg.html","绝世武功：书拳释道","(2009-06-11 15:07:56)","<p><a href=""http://photo.blog.sina.com.cn/showpic.html#blogid=5d9eeb970100dpeg&amp;url=http://s16.sinaimg.cn/orignal/5d9eeb97t6c0d573b89df&amp;690"" target=""_blank""><img src=""http://s16.sinaimg.cn/bmiddle/5d9eeb97t6c0d573b89df&amp;690"" real_src=""http://s16.sinaimg.cn/bmiddle/5d9eeb97t6c0d573b89df&amp;690"" alt=""绝世武功：书拳释道"" title=""绝世武功：书拳释道""></a></p>
<p><a href=""http://photo.blog.sina.com.cn/showpic.html#blogid=5d9eeb970100dpeg&amp;url=http://s5.sinaimg.cn/orignal/5d9eeb97t6e54b38ce1e4&amp;690"" target=""_blank""><img src=""http://s5.sinaimg.cn/bmiddle/5d9eeb97t6e54b38ce1e4&amp;690"" real_src=""http://s5.sinaimg.cn/bmiddle/5d9eeb97t6e54b38ce1e4&amp;690"" alt=""绝世武功：书拳释道"" title=""绝世武功：书拳释道""></a><a href=""http://photo.blog.sina.com.cn/showpic.html#blogid=5d9eeb970100dpeg&amp;url=http://s13.sinaimg.cn/orignal/5d9eeb97t6e54b21ef16c&amp;690"" target=""_blank""><img src=""http://s13.sinaimg.cn/bmiddle/5d9eeb97t6e54b21ef16c&amp;690"" real_src=""http://s13.sinaimg.cn/bmiddle/5d9eeb97t6e54b21ef16c&amp;690"" alt=""绝世武功：书拳释道"" title=""绝世武功：书拳释道""></a></p>
<p>
此书法为寇颖民先生所书，先生直而不折，柔而不泥，书者其形也。人者，贵专，习武半步崩拳打天下，卖油翁，油从口入而孔不湿，见先生博文，可知先生书而甘愿其静，唯无它无躁方可有字也。</p>
<p>下面是先生的博客：<a href=""http://blog.sina.com.cn/yinghepanren"">http://blog.sina.com.cn/yinghepanren</a>我常去学习.</p>"
"绝世武功：动桩训练（二）","http://blog.sina.com.cn/s/blog_5d9eeb970100dkfw.html","绝世武功：动桩训练（二）","(2009-05-31 09:11:14)","<p>&nbsp;<wbr>&nbsp;<wbr>&nbsp;<wbr>
今天接着说。</p>
<p>
&nbsp;<wbr>&nbsp;<wbr>&nbsp;<wbr>&nbsp;<wbr>我越来越发现，我的这个用书写教武的方式真的有些蹩脚，很困难！</p>
<p>&nbsp;<wbr>&nbsp;<wbr>&nbsp;<wbr>
困难是我千丝万缕而结的所谓的精华，可能会因为各自的理解而生出了千变万化，这在面对面的授拳中是不会存在的，家师一个断喝，就会有所改正，所以，现在再重申：我的博客不可一目三行，要“细心阅读，仔细揣摩”，这个引号是叫你心知身知的意思，不是行至，切忌！</p>
<p>&nbsp;<wbr>&nbsp;<wbr>&nbsp;<wbr>
还有一难，就是我希望所有练内家拳种的武学爱好者在我的博客里都能有所斩获，这样，难于上青天！因为，我所学有限，哪能取义思形而为之？故，我只好用大众所需太极拳来做模坯，以其做到我的本意！</p>
<p>&nbsp;<wbr>&nbsp;<wbr>&nbsp;<wbr>
这里再表述一个拳学观点！</p>
<p>&nbsp;<wbr>&nbsp;<wbr>&nbsp;<wbr>
大多拳学修炼，都是功，术双修，所谓的功，就是内功，丹田力，整劲也！所谓的术，就是武术的技巧，打人的本领也！这种方式应该是最完善的武学练法。这样，你随时都能达到练用一体，可是这种练法有他的弊端，我就不说原因了，你知道有这么回事就行！</p>
<p>&nbsp;<wbr>&nbsp;<wbr>&nbsp;<wbr>
我这里介绍的练法是只练功，而先放弃了术，这在过去这种练法有两个目的：一是筑基，二是看人。我这里只是筑基，我不看人，好坏他自为，与我无关！确切说，当你真的进入了门道之后，你会有所改观的！这个改观是您的人生态度而言！您千万别以为这种练法不是武学，相反，家师是赞同这种练法的，我也这样认为，所以，您就不必怀疑这种练法的可疑性！这样说，是写给有所得意的人看的，我只是提醒您，对您有用而已，我不想因为您的得意而错过了您的修为，如此而已！</p>
<p>
&nbsp;<wbr>&nbsp;<wbr>&nbsp;<wbr>&nbsp;<wbr>
这样，我再把图片放上来，我们开始看看武学之动桩！<a href=""http://photo.blog.sina.com.cn/showpic.html#blogid=5d9eeb970100dkfw&amp;url=http://s3.sinaimg.cn/orignal/5d9eeb97t6b2b97f8b9f2&amp;690"" target=""_blank""><img src=""http://s3.sinaimg.cn/bmiddle/5d9eeb97t6b2b97f8b9f2&amp;690"" real_src=""http://s3.sinaimg.cn/bmiddle/5d9eeb97t6b2b97f8b9f2&amp;690"" name=""image_operate_44341365722540875"" alt=""绝世武功：动桩训练（二）"" title=""绝世武功：动桩训练（二）""></a><a href=""http://photo.blog.sina.com.cn/showpic.html#blogid=5d9eeb970100dkfw&amp;url=http://s9.sinaimg.cn/orignal/5d9eeb97t6b2b9c8807d8&amp;690"" target=""_blank""><img src=""http://s9.sinaimg.cn/bmiddle/5d9eeb97t6b2b9c8807d8&amp;690"" real_src=""http://s9.sinaimg.cn/bmiddle/5d9eeb97t6b2b9c8807d8&amp;690"" alt=""绝世武功：动桩训练（二）"" title=""绝世武功：动桩训练（二）""></a></p>
<p>这两张图片找的很难，找的很巧，我们这里谢谢了！</p>
<p>我不知现代先生是哪位，可见他想与先贤形神兼备！咱这里先不说，我们是看形说拳。</p>
<p>&nbsp;<wbr>&nbsp;<wbr>&nbsp;<wbr>
先说含胸拔背：含是含住，拔是拉起，含与拔皆是动词，在静桩中做状态解，就是拉起含住，在动桩中做动态解，就是往前往后的过程全都是拉起含住，这里你可以理解为肌肉的筋腱参与运动的结果，所以这样，这里只说真的东西，你可能不理解，这不妨碍，你再看我先前的东西，再从头站下来感知！然后再来看，你要是理解了，我的这一层任务也就结束了他的使命！这个含胸拔背就是我们的一张无形的网在我们的皮下从前到后，从左到右，，，，，，全身全都拉扯了起来！就像是一个气球，没有空点处，有孔便是透气也，这好像太高深，那我们说局部，含胸拔背就是局部，头面，胸背的局部，这样也像是旧时的电影幕布，四角一定要拉起，不然，不是绷起的白布，显不了影子！这样，您再看这两位先生，他们的面与胸是不是含了？他们的背是不是拔了？这个拔与后颈，后头有很大关系，不拉不绷那是含？哪能有尾巴啊！这在其他拳种中有“变脸”一说我想在此可以找到答案！这就是含胸拔背解！这样，你所看到的下巴微收，顶头悬，就有了确切的定位点，其实，不是微收，是真收，这个真收必须是与胸腹有连才可为真！当有此一真，你就明白什么是微收了！原来，这个微收是真收之后的结果啊！从此，你知道大师实在是可恶！</p>
<p>
&nbsp;<wbr>&nbsp;<wbr>&nbsp;<wbr>&nbsp;<wbr>
这里说含胸拔背做引子，把以前的所学带过来，您要是带不过来，就是还没有一个相连相接整体劲的意识，这个动桩与您意义不大，因为您懂不起来也动不起来啊！不过看看也行，就是做做也没关系，只要在我述说的允许范围内！无可无不可，悟性高的，可以从此一入！悟性差的试试就有试试的妙处，这个试试“就是不可憋气，不可大力而为！以呼吸浮动不大为准！！！！！！！！！！！！！！！！！！！！！”切忌！（还没有到确切的动桩，这些诉说先在静桩里体会，不无妙处！做才是一切的开始）</p>
<p>
&nbsp;<wbr>&nbsp;<wbr>&nbsp;<wbr>&nbsp;<wbr>
待续！</p>
<p>&nbsp;<wbr></p>
<p>&nbsp;<wbr>&nbsp;<wbr>&nbsp;<wbr></p>"
"绝世武功：动桩训练（六）","http://blog.sina.com.cn/s/blog_5d9eeb970100dnma.html","绝世武功：动桩训练（六）","(2009-06-08 07:23:33)","<p>
&nbsp;<wbr>&nbsp;<wbr>&nbsp;<wbr>&nbsp;<wbr>
五弓合一，补解。</p>
<p>&nbsp;<wbr>&nbsp;<wbr>&nbsp;<wbr>
上一次说的有些笼统，不完善，补充一些。</p>
<p>
&nbsp;<wbr>&nbsp;<wbr>&nbsp;<wbr>&nbsp;<wbr>从上往下说，头弓：起于大椎止于下额。</p>
<p>
&nbsp;<wbr>&nbsp;<wbr>&nbsp;<wbr>&nbsp;<wbr>&nbsp;<wbr>&nbsp;<wbr>&nbsp;<wbr>&nbsp;<wbr>&nbsp;<wbr>&nbsp;<wbr>&nbsp;<wbr>&nbsp;<wbr>&nbsp;<wbr>&nbsp;<wbr>&nbsp;<wbr>
中部主弓：起于大椎止于尾椎。</p>
<p>
&nbsp;<wbr>&nbsp;<wbr>&nbsp;<wbr>&nbsp;<wbr>&nbsp;<wbr>&nbsp;<wbr>&nbsp;<wbr>&nbsp;<wbr>&nbsp;<wbr>&nbsp;<wbr>&nbsp;<wbr>&nbsp;<wbr>&nbsp;<wbr>&nbsp;<wbr>&nbsp;<wbr>
腿弓：起于尾椎止于脚趾。</p>
<p>
&nbsp;<wbr>&nbsp;<wbr>&nbsp;<wbr>&nbsp;<wbr>&nbsp;<wbr>&nbsp;<wbr>&nbsp;<wbr>&nbsp;<wbr>&nbsp;<wbr>&nbsp;<wbr>&nbsp;<wbr>&nbsp;<wbr>&nbsp;<wbr>&nbsp;<wbr>&nbsp;<wbr>
手臂弓：起于肱骨止于指尖</p>
<p><a href=""http://photo.blog.sina.com.cn/showpic.html#blogid=5d9eeb970100dnma&amp;url=http://s13.sinaimg.cn/orignal/5d9eeb97t6c223c08725c&amp;690"" target=""_blank""><img src=""http://s13.sinaimg.cn/bmiddle/5d9eeb97t6c223c08725c&amp;690"" real_src=""http://s13.sinaimg.cn/bmiddle/5d9eeb97t6c223c08725c&amp;690"" alt=""绝世武功：动桩训练（六）"" title=""绝世武功：动桩训练（六）""></a>这是各个骨节。</p>
<p><a href=""http://photo.blog.sina.com.cn/showpic.html#blogid=5d9eeb970100dnma&amp;url=http://s16.sinaimg.cn/orignal/5d9eeb97t6bcae2c15c3f&amp;690"" target=""_blank""><img src=""http://s16.sinaimg.cn/bmiddle/5d9eeb97t6bcae2c15c3f&amp;690"" real_src=""http://s16.sinaimg.cn/bmiddle/5d9eeb97t6bcae2c15c3f&amp;690"" alt=""绝世武功：动桩训练（六）"" title=""绝世武功：动桩训练（六）""></a>这是木头人的爱情。</p>
<p>
这些弓把它分解叙述，是无可奈何之事，您不可也不许止于此，您要知道我们说的只是点与点之间的骨弓，这是不完整的，我们的完整是我们的这些弓都要在主弓为帅的带领下相互制约相互依存的互相关系，人体离不开联系，这个联系就是肌肉筋腱的互相制约，我记得旧时小孩常玩的一种游戏叫小猴翻跟头，一个木杈，在当中拼一个简陋的木头人用皮筋连起来，一动木杈小猴就翻跟头，不亦乐乎，这个原理是把我们的人体骨架用皮筋界定在一个固定的轨道里而产生的同动运动轨迹，似乎与我们的机械机器运动同理，譬如自行车的传动链条，动则皆动，止则皆止，这是单一的空间运动轨迹模式例子，而人体却相对复杂麻烦的无限多，他的空间运动轨迹而是无方向无制约的多向复杂的运动轨迹。这是无意识状态下的动作运动，若是加上了有意识的思想支配，在拳上就是拳往哪里打，劲往哪里去的一种瞬时同动的“单一”运动轨迹的运行状态&nbsp;<wbr>，在其它艺术里我们也是离不开这样，例如木偶大家黄奕缺，他的木偶其实就是他自己，很了不起。华人指挥家张培豫，这都是我们需要记住的人。她们成功的结果之一，就是具备了这种我们现在所说的弓的结果，若是加上一种艺术的思想意识达到一心一意这个条件，合于自己艺术素质的种种诠释，这就是艺术成就的大家之形。一切大家杰出于此，概莫能焉。</p>
<p>&nbsp;<wbr>&nbsp;<wbr>&nbsp;<wbr>
此为人生学习的一大主要问题，什么才是一心一意，什么才叫心心相认，什么才能心想事成？</p>
<p>&nbsp;<wbr>&nbsp;<wbr>&nbsp;<wbr>
为学者，为师者，都已经越来越远了，近来，又有好事者讨论旧字与新体的去留问题，我看，扇他两耳瓜子都不解恨。这是对于我们的后世子孙负责任的话，所以如此。远了。与这里的我们无关。</p>
<p>&nbsp;<wbr>&nbsp;<wbr>&nbsp;<wbr>
再回来，其实已经说完了，我们把头弓用意把它拉起来，这个不散顺而把躯干用意含胸拔背拉起来，这两个也不散顺而把气沉丹田也做起来，这三个还不散再顺而把前腿弓后腿蹬用弹簧意做起来，这些都不要散，再把两臂用意把它们拉在胸肌，两肩上。</p>
<p>
&nbsp;<wbr>&nbsp;<wbr>&nbsp;<wbr>好，就这样。到此弓成合一。这样头就是脚，脚也是手，手也是胯，胯也是脚，，，，，怎么会这样呢，必须是这样，我说不出这到底是个什么样子，就打个比方，我们若是在地上捉一条蛇，您看它会怎样？武松打虎，竟然害怕它的老虎尾巴。说的就是这样。</p>
<p>
&nbsp;<wbr>&nbsp;<wbr>&nbsp;<wbr>大家不鼓掌么？不是为我，为您啊。</p>"
"绝世武功：书画艺术与武学艺术之间…","http://blog.sina.com.cn/s/blog_5d9eeb970100doy2.html","绝世武功：书画艺术与武学艺术之间的关系","(2009-06-11 08:10:17)","<p>&nbsp;<wbr>&nbsp;<wbr>&nbsp;<wbr>
分析分析书法的阴阳问题，毛笔为阴阳两体的结合，阴为笔毫，阳为笔杆。</p>
<p>&nbsp;<wbr>&nbsp;<wbr>&nbsp;<wbr>
我们看看人体的阴阳，不经训练，我们的人体力量是阳盛阴衰，这种力量表现出来就是单一而不具有平衡相互性，缺乏一种柔韧美。</p>
<p>&nbsp;<wbr>&nbsp;<wbr>&nbsp;<wbr>
初学书法,由于阴性力量的不足,当我们抓紧了笔杆的时候,也就停止了我们想表达书写书法作品的意愿.有一句俗语:心有余.力不足.这力不足就是我们自我意能与本能之间力的脱钩而造成的,是一种只有阳刚之力,没有阴柔之力的具体表现.</p>
<p>&nbsp;<wbr>&nbsp;<wbr>&nbsp;<wbr>
怎样合理自然的解决这两种复杂的阴阳之力的关系呢？</p>
<p>
&nbsp;<wbr>&nbsp;<wbr>&nbsp;<wbr>&nbsp;<wbr>我们看我们的本能体力和笔杆由于都是属于阳的形态,那他们的结合是很容易的事,一把抓起就是结合.如果说运用,那就很困难了,因为抓住笔杆只是一种力的表示&lt;阳&gt;,在这个笔杆上还有着笔毫,阴,,在只有这一种力的情况下,
人与毛笔是绝对不会统一在一起的.如果我们要想达到书法书写中的阴阳结合,那么,我们在书法书写过程中必定要通过意能作用,产生本能世界的第二种力.这第二种力就是在肌肉之力的长期训练后所产生的一种以阴面肌肉更多参与的相互肌肉力量，这种特殊的力量我们暂且叫它筋骨之力.这筋骨之力在书写书法形式中的作用,是在第一种力&lt;肌肉力&gt;与第二种力（阴柔力）相互作用的骨力下产生了一种或展或收或上或下或左或右的功能,这或发或收的骨力在阴阳肌肉相互制约的前提下,可以使我们在书写书法作品中,产生一种已经在笔杆上停止运行的肌肉之力时有了继续往下走的路线与感觉，于是这种筋骨力的作用,则可以使我们的笔毫力透纸背，然后根据书法修炼的要求使笔毫与纸的结合,产生完美灵活的线条形态.</p>
<p>&nbsp;<wbr>&nbsp;<wbr>&nbsp;<wbr>
这样,这第二种力的作用是显而易见的.我们总结这种力是在第一种力与第二种力的作用下由于筋骨力所产生的功能,在一,二种力的结合下,我们的线条冲破了第一种停顿的制约力，使这股结合的力直冲笔端.再进一步在筋力的作用下如环无端使这股力能在纸上做出灵活的应用行为.</p>
<p>&nbsp;<wbr>&nbsp;<wbr>&nbsp;<wbr>
书法到此我们一般都会沾沾自喜，可是这仅仅只是第一步，这种我们得来的腕力之运用难以在整体运化中达到轻车熟路，出神入化的程度，很多书者书写大作品的时候不能一气灌之，不能尽书其意，这是自然的，因为他又受到了一种乃至多种力量的制约，即全身的阴阳与笔毫的阴阳关系。</p>
<p>
&nbsp;<wbr>&nbsp;<wbr>&nbsp;<wbr>&nbsp;<wbr>袁争真先生在此说到了第三种力的作用。</p>
<p>&nbsp;<wbr>&nbsp;<wbr>&nbsp;<wbr>
第三种力的作用:在熟练地运用了以上一,二种力的表现技巧后,在你的内在世界会逐渐的感悟我们所赖以生存的自然世界，这样，对自然之道的理解,对万物变化规律的感受,随著你的深入自然会产生一种激情能量.这种统一了自我内在世界,本能世界,行为世界的巨大激情,在书写书法作品这一行为表现中,我们会爆发出对外在世界进行渲泄自我激情的一种无限之力量，这就是作品。<br>

&nbsp;<wbr>&nbsp;<wbr>&nbsp;<wbr>
这第三种力是情与力的结合，即:心意力。这心意力的产生是在修炼第一,二种力的基础上,自我的意能本能感觉通过一种心意的感应而产生的,在内在世界而形成的一种行为.这个在内在世界形成的行为,在这里我们称他为灵动的表示.灵动行为的展示,我们通过书法这一特殊的形式,使我们能尽情地发挥我们自我的一切激情.自然，书法大家的思想您是永远无法企及的，因为他所书所舒乃是其情，其神，其思，其逸，其疑，其萎靡，其顽劣，其和暖，其豪壮，其无为而为，，，，，，，，</p>
<p>&nbsp;<wbr>&nbsp;<wbr>&nbsp;<wbr>
这里不得不说一点抽象艺术的话，我没有学过西方艺术，不知他为何这么说起，对于抽象我的理解是体现本质轻而注重了感情重。其实，在我们古代早就不稀罕了，大泼墨中随处可见，在书法艺术中草书就是，只是有抽的轻，有抽的重罢了。</p>
<p>&nbsp;<wbr>&nbsp;<wbr>&nbsp;<wbr>
这样一来，在我们书家就有了分歧，有要求中规中矩的，有要求峻险而不突兀的，不一而足。</p>
<p>&nbsp;<wbr>&nbsp;<wbr>&nbsp;<wbr>
我说，那是有与无之间互相变化的结果，在书家规矩中的书法抽象艺术我们似乎比较好理解，可是脱离了规矩我们就难能再懂，其实，真正的大家他是没有规矩的，这样，一位书家真正的作品只有他自己知道其义，全是宣泄而为，何谓宣泄？情之所至，意之所归也。意在哪里？无拘无束抽象也！中规中矩你倒懂了，无拘无束你自然骂了。怎样用墨，怎么布局，字的大小，何种的线条，一泻千里，婉转悠扬，枯枝残叶，，，，，，全是自家说了算，您能与他合拍么？</p>
<p>&nbsp;<wbr>&nbsp;<wbr>&nbsp;<wbr>
米罗许多的作品，他不说，我们永远都是迷。这就是抽象，一首晦涩难啃的现代诗。</p>
<p>
&nbsp;<wbr>&nbsp;<wbr>&nbsp;<wbr>&nbsp;<wbr>为文还是袁争真先生的原文，我做了一点点添补。里面也有张五常先生的意思，下面是两位先生的博客小舍，希望学佛修道学书的学子过去看看，这是我的意思。<a href=""http://blog.sina.com.cn/u/1216171175"">http://blog.sina.com.cn/u/1216171175</a></p>
<p><a href=""http://blog.sina.com.cn/zhangwuchang"">http://blog.sina.com.cn/zhangwuchang</a></p>
<p>&nbsp;<wbr>&nbsp;<wbr>&nbsp;<wbr>
另：争真先生是以气功为法，我以武学为法，大同小异，本是一宗。</p>
<p>&nbsp;<wbr>&nbsp;<wbr>&nbsp;<wbr> 待续</p>"
"“劲”的实质","http://blog.sina.com.cn/s/blog_5d9eeb970100cuwk.html","“劲”的实质","(2009-04-17 16:03:19)","<p>再说“劲”！</p>
<p>如此反复，因为重要！</p>
<p>家师训诫，”劲“就是力，是一种互相作用的平衡力，这就是太极拳用阴阳鱼的一个主要用意！更确切说，其实是一种“能”的外显！</p>
<p>如是我闻，借用佛祖这句话，以示真实，如此，世人可有所依，如足有所踏，物有所出！是武者一大快事！不可执迷不悟！</p>
<p>
家师训诫，至于气之所言，先贤确有隔空打人之实，其实，也不是神秘，因为依据万有引力定律，守恒定律可知，若是我们物理水平极高，可以一目了然，“我辈”武者不可执迷不悟，气有！已不是现在“我辈”浮躁者所能涉及猎取的物件了！这里这样说也不对，因为我们每时每刻我们的身体都在与气打交道，说“气”是指众生迷茫的隔空打人之气，此气与呼吸之气有天壤之别，活着的人身上都有，至于死去的“人”身是不是有我们不提了，怕吓着你们！对于我们在网络上游荡的，对于闹市中显身的，还是踏实些用功作业为好！</p>
<p>
那样，现在我们把劲用力来解释虽然片面，可是在拳学初期我想还是有效的，这有助于我们世人一贯的用“相”来理解世界的本性，但是，我这里声明，这种表述其实是不准确的，容易使我们走入一种极端的“实”的误区，以至于危害我们的身体，所以，这里要知道这种表述只是暂时的一种过河的船而已，不可抱定不放，以至走火入魔，这样，才是这种表述的实在意义。好了，既然“劲”就是力，我们就有了处理它的办法了，世人就是这样愚钝的，说apple，摸不着头脑，说苹果，一下子就亲切了！</p>"
"武学之五脏","http://blog.sina.com.cn/s/blog_5d9eeb970100d9qo.html","武学之五脏","(2009-05-08 10:53:08)","<p>五脏在内，心，肝，脾，肺，肾也！在天，金木水火土！仁义礼信智也！</p>
<p>五脏与内与外皆有配合，凡世之拳术者，概莫忽视！</p>
<p>金木水火土乃五脏之因，仁义礼信智乃众生之本，不离不弃，则，心肝脾肺肾无不各显生机哉！</p>
<p>五脏之为在内互为条达，显于外则神意力备足！</p>
<p>借先贤之语：心如猛虎，肝似箭，脾之力大甚无穷，肺经之为最灵便，肾气制动快如风。</p>
<p>是在当局者自为体验，而非笔墨所能尽罄者也！</p>
<p>&nbsp;<wbr></p>"
"绝世武功：动桩训练之（一）","http://blog.sina.com.cn/s/blog_5d9eeb970100djed.html","绝世武功：动桩训练之（一）","(2009-05-28 14:56:36)","<p>&nbsp;<wbr>&nbsp;<wbr>&nbsp;<wbr>
今天就开始说一点“动桩”！</p>
<p>&nbsp;<wbr>&nbsp;<wbr>&nbsp;<wbr>
开篇先写一些注意事项：此动作以“意”为先，意有轻有重，以轻为入，呼吸自然为附，不可强力而为！这不是搬石头，大劲而为之！谨记！！！！！！</p>
<p>
&nbsp;<wbr>&nbsp;<wbr>&nbsp;<wbr>&nbsp;<wbr>以此训练，你可能无所适从，不得已而力为之，这样，我劝你先放下此法，站桩，走架为好，这样，我说的要义你已默记于心，站桩，走架中可以点滴而使，如此，也是进步！</p>
<p>
&nbsp;<wbr>&nbsp;<wbr>&nbsp;<wbr>&nbsp;<wbr>我找了几个动作，从中选了杨澄甫先贤的样子来说明，以此你可举一反三，知其一便知其二，以此练下去，无非是前进，后退，左摇右摆罢了！不过这只是站定的动桩，可不是进步退步！那还很远。。。。。。<a href=""http://photo.blog.sina.com.cn/showpic.html#blogid=5d9eeb970100djed&amp;url=http://s11.sinaimg.cn/orignal/5d9eeb97t6af3b9304b2a&amp;690"" target=""_blank""><img src=""http://s11.sinaimg.cn/bmiddle/5d9eeb97t6af3b9304b2a&amp;690"" real_src=""http://s11.sinaimg.cn/bmiddle/5d9eeb97t6af3b9304b2a&amp;690"" alt=""绝世武功：动桩训练之（一）"" title=""绝世武功：动桩训练之（一）""></a>这是李先生！似乎是抱头推山吧？其实这就是三体势吧？你看他的屁股下面就是尾巴，直到脚后跟，你看他松了吗？我看他不敢！这个不敢不是怕，是待机而发也！<a href=""http://photo.blog.sina.com.cn/showpic.html#blogid=5d9eeb970100djed&amp;url=http://s2.sinaimg.cn/orignal/5d9eeb97t6af3d3e3eca1&amp;690"" target=""_blank""><img src=""http://s2.sinaimg.cn/bmiddle/5d9eeb97t6af3d3e3eca1&amp;690"" real_src=""http://s2.sinaimg.cn/bmiddle/5d9eeb97t6af3d3e3eca1&amp;690"" alt=""绝世武功：动桩训练之（一）"" title=""绝世武功：动桩训练之（一）""></a>这是杨先生，标准的三体式，也是有尾巴的，只是意轻一些罢了，可别被他骗了！他也不敢松，我想这是站定的姿势在摆造型，过去照相就像我们现在的农民被电视采访吧？不只是激动！<a href=""http://photo.blog.sina.com.cn/showpic.html#blogid=5d9eeb970100djed&amp;url=http://s16.sinaimg.cn/orignal/5d9eeb97t6af3f0289f0f&amp;690"" target=""_blank""><img src=""http://s16.sinaimg.cn/bmiddle/5d9eeb97t6af3f0289f0f&amp;690"" real_src=""http://s16.sinaimg.cn/bmiddle/5d9eeb97t6af3f0289f0f&amp;690"" alt=""绝世武功：动桩训练之（一）"" title=""绝世武功：动桩训练之（一）""></a>这个前腿成弓步了！就是说“重心从后面过渡到前面来了”此为身动！这个他也不敢松！为什么？若是松了，我在他后面一推他岂不是很易往前倒下去么？怎化怎打？所以，他是往前了，可是他的后面还在拉住哦！这个拉住就是不松！你也许会笑，怎么拉？脚底下又没有绳子！纯粹胡说！都是这样说！都不是真武！我先解释一个字，你就应该不会反对了，这个字就是“桩”！何谓桩？桩者，一头埋在地下的木头或是石柱也！明白了么？必须像埋在地里一样的拉住！静桩如此，动桩也如此！纵横交错皆如此！此为真！</p>
<p>&nbsp;<wbr>&nbsp;<wbr>&nbsp;<wbr>
我选了两个先贤做我们的榜样，只是想避开议论，省的费口舌！也算我们没忘记先贤老人家！时常记得他们，一举两得！</p>
<p>&nbsp;<wbr>&nbsp;<wbr>&nbsp;<wbr>
现在的问题是：怎样把我们的身体从后面移动到前面去呢？就是重心移动的问题！这可是武学中的要中之要哦！他们这时总是会说：需口授！</p>
<p>
&nbsp;<wbr>&nbsp;<wbr>&nbsp;<wbr>&nbsp;<wbr>大家加油，给我们自己长长脸，若是你认真看了我的博客，遵守我所说的规矩：戒，一直努力的锻炼下去：持，我想，你肯定有一天会自豪的说：我是在电脑上学的！我没有叩首也没口授！说笑了！</p>
<p>&nbsp;<wbr>&nbsp;<wbr>&nbsp;<wbr>
别忘了，是我教的哦！</p>
<p>&nbsp;<wbr>&nbsp;<wbr>&nbsp;<wbr>
可是，今天先到这里吧，我有事情来了，不是不说啊，权当一集播完，下回接著，这点关子你应该理解吧？再说，都糊涂了数年了，一时半刻别较劲！这里有个记住：我的文章必须连着顺序看方可有效，不然，你别练！待续</p>"
"因留言而来的艺术者，请喝茶。","http://blog.sina.com.cn/s/blog_5d9eeb970100dij8.html","因留言而来的艺术者，请喝茶。","(2009-05-26 09:00:24)","<p><br>
<br>
<a href=""http://photo.blog.sina.com.cn/showpic.html#blogid=5d9eeb970100dij8&amp;url=http://s10.sinaimg.cn/orignal/5d9eeb97ha0e120980969"" target=""_blank""><img style=""TexT-ALiGn: center; DispLAY: block"" name=""image_operate_77821302788732968"" src=""http://s10.sinaimg.cn/bmiddle/5d9eeb97ha0e120980969&amp;690"" real_src=""http://s10.sinaimg.cn/bmiddle/5d9eeb97ha0e120980969&amp;690"" alt=""因留言而来的艺术者，请喝茶。"" title=""因留言而来的艺术者，请喝茶。""></a><br>
<br>
&nbsp;<wbr>&nbsp;<wbr>&nbsp;<wbr>&nbsp;<wbr>&nbsp;<wbr>&nbsp;<wbr>这里是个学堂，学堂是个墨海书香的静处，四壁清雅，书画灵动，每一位艺术者的足迹都是学子们的方向，每一位学子都是心诚志坚，慢言细语，此为“拳之道”也。</p>
<p>
&nbsp;<wbr>&nbsp;<wbr>&nbsp;<wbr>&nbsp;<wbr>&nbsp;<wbr>
我将先生之书留照挂博，心明墨香，此为拳书相依，法法圆通皆有其理，众生将以此记下您的名字，“&nbsp;<wbr>道”的“样子”，刻刻默念，此为永存！</p>
<p>
&nbsp;<wbr>&nbsp;<wbr>&nbsp;<wbr>&nbsp;<wbr>&nbsp;<wbr>
是为度人，实为度己！非益而为医人也，唯心在此可以互换，大道之义，实为生命之理！我等概莫能焉！</p>
<p>
&nbsp;<wbr>&nbsp;<wbr>&nbsp;<wbr>&nbsp;<wbr>&nbsp;<wbr>&nbsp;<wbr>&nbsp;<wbr>&nbsp;<wbr>&nbsp;<wbr>&nbsp;<wbr>&nbsp;<wbr>&nbsp;<wbr>&nbsp;<wbr>&nbsp;<wbr>&nbsp;<wbr>&nbsp;<wbr>&nbsp;<wbr>&nbsp;<wbr>&nbsp;<wbr>&nbsp;<wbr>&nbsp;<wbr>&nbsp;<wbr>&nbsp;<wbr>&nbsp;<wbr>&nbsp;<wbr>&nbsp;<wbr>&nbsp;<wbr>&nbsp;<wbr>&nbsp;<wbr>&nbsp;<wbr>&nbsp;<wbr></p>
<p>
&nbsp;<wbr>&nbsp;<wbr>&nbsp;<wbr>&nbsp;<wbr>&nbsp;<wbr>&nbsp;<wbr>&nbsp;<wbr>&nbsp;<wbr>&nbsp;<wbr>&nbsp;<wbr>&nbsp;<wbr>&nbsp;<wbr>&nbsp;<wbr>&nbsp;<wbr>&nbsp;<wbr>&nbsp;<wbr>&nbsp;<wbr>&nbsp;<wbr>
&nbsp;<wbr>静候！待瞻！</p>
<p>
&nbsp;<wbr>&nbsp;<wbr>&nbsp;<wbr>&nbsp;<wbr>&nbsp;<wbr>&nbsp;<wbr>&nbsp;<wbr>&nbsp;<wbr>&nbsp;<wbr>&nbsp;<wbr>&nbsp;<wbr>&nbsp;<wbr>&nbsp;<wbr>&nbsp;<wbr>&nbsp;<wbr>&nbsp;<wbr>&nbsp;<wbr>&nbsp;<wbr>&nbsp;<wbr>&nbsp;<wbr>&nbsp;<wbr>&nbsp;<wbr>&nbsp;<wbr>&nbsp;<wbr>&nbsp;<wbr>&nbsp;<wbr>&nbsp;<wbr>&nbsp;<wbr>&nbsp;<wbr>&nbsp;<wbr>&nbsp;<wbr>&nbsp;<wbr>&nbsp;<wbr>&nbsp;<wbr>&nbsp;<wbr>&nbsp;<wbr>&nbsp;<wbr>&nbsp;<wbr>&nbsp;<wbr>&nbsp;<wbr>&nbsp;<wbr>&nbsp;<wbr>&nbsp;<wbr>&nbsp;<wbr>&nbsp;<wbr>&nbsp;<wbr>&nbsp;<wbr>&nbsp;<wbr>&nbsp;<wbr>&nbsp;<wbr>&nbsp;<wbr>&nbsp;<wbr>&nbsp;<wbr>&nbsp;<wbr>&nbsp;<wbr>&nbsp;<wbr>&nbsp;<wbr>&nbsp;<wbr>&nbsp;<wbr></p>
<p>
&nbsp;<wbr>&nbsp;<wbr>&nbsp;<wbr>&nbsp;<wbr>&nbsp;<wbr>&nbsp;<wbr>&nbsp;<wbr>&nbsp;<wbr>&nbsp;<wbr>&nbsp;<wbr>&nbsp;<wbr>&nbsp;<wbr>&nbsp;<wbr>&nbsp;<wbr>&nbsp;<wbr>&nbsp;<wbr>&nbsp;<wbr>&nbsp;<wbr>&nbsp;<wbr>&nbsp;<wbr>&nbsp;<wbr>&nbsp;<wbr>&nbsp;<wbr>&nbsp;<wbr>&nbsp;<wbr>&nbsp;<wbr>&nbsp;<wbr>&nbsp;<wbr>&nbsp;<wbr>&nbsp;<wbr>&nbsp;<wbr>&nbsp;<wbr>&nbsp;<wbr>&nbsp;<wbr>&nbsp;<wbr>&nbsp;<wbr>&nbsp;<wbr>&nbsp;<wbr>&nbsp;<wbr>&nbsp;<wbr>&nbsp;<wbr>&nbsp;<wbr>&nbsp;<wbr>&nbsp;<wbr>&nbsp;<wbr>&nbsp;<wbr>&nbsp;<wbr>&nbsp;<wbr>&nbsp;<wbr>&nbsp;<wbr>&nbsp;<wbr>&nbsp;<wbr>&nbsp;<wbr>&nbsp;<wbr>&nbsp;<wbr>&nbsp;<wbr>&nbsp;<wbr>&nbsp;<wbr>&nbsp;<wbr>&nbsp;<wbr>&nbsp;<wbr>&nbsp;<wbr>&nbsp;<wbr>&nbsp;<wbr>&nbsp;<wbr>
武者憨叟施礼谢过</p>"
"绝世武功：动桩训练（四）","http://blog.sina.com.cn/s/blog_5d9eeb970100dloo.html","绝世武功：动桩训练（四）","(2009-06-03 08:35:55)","<p>&nbsp;<wbr>&nbsp;<wbr> 说了一个气沉丹田，不很完整，暂且这样吧！</p>
<p>&nbsp;<wbr>&nbsp;<wbr>
这里再说一些杂话，算是补语，我们的叙述有些无端，没办法，字要一个一个打，意要一句一句来，不像亲授，一摆布几句话就行了！昨天有有心的说了好的建议，我记下了放在了心里，这里谢谢！欢迎继续！</p>
<p>&nbsp;<wbr>&nbsp;<wbr>
我们把身体的整劲一截截分开来，便于了诉说，可是，不利于传授，这样容易产生误会，所以，希望大家仔细认真阅读，以期您的理解与我的字义想法合拍，这才算是真，不然，我的东西你找不到，害我不说，害你就是我的罪过了！您记住，这很重要！</p>
<p>&nbsp;<wbr>&nbsp;<wbr>
现在，您把含胸拔背，气沉丹田做起来，听我说说武学的根：前腿弓后腿蹬！</p>
<p><a href=""http://photo.blog.sina.com.cn/showpic.html#blogid=5d9eeb970100dloo&amp;url=http://s11.sinaimg.cn/orignal/5d9eeb97t6b671b1cc70a&amp;690"" target=""_blank""><img src=""http://s11.sinaimg.cn/bmiddle/5d9eeb97t6b671b1cc70a&amp;690"" real_src=""http://s11.sinaimg.cn/bmiddle/5d9eeb97t6b671b1cc70a&amp;690"" alt=""绝世武功：动桩训练（四）"" title=""绝世武功：动桩训练（四）""></a>劳烦这两位先生了，这个样子实在是很累！</p>
<p>&nbsp;<wbr>&nbsp;<wbr>
我先说说整意，就是整体的意思：两条腿一分，就有了阴阳，这是指重心阴阳，重心力量按十分算，则前三后七分，这两条腿一分就是个倒V，立起来的顶点就是我们的尾椎骨：已经退化的尾巴，这样，我们就有了联系点，用意念在我们的小尾巴上拉上两根弹簧，一根挂在前脚后跟上，一根挂在后脚后跟上，记得是弹簧哦？这就是整意！</p>
<p>&nbsp;<wbr>&nbsp;<wbr>&nbsp;<wbr>
我们要说说弹簧，弹簧的性质就是对立性，你往外开拉的越大，它往里收缩的越紧，我们可以用用拉力器一试便知！</p>
<p>&nbsp;<wbr>&nbsp;<wbr>&nbsp;<wbr>
这样，我们就有了尾巴了！很好，这在武学上实在是个拦路虎！他们叫坐在脚后跟上，不说，怎么坐都是假的，一说一点这就来了！哈，先贤们真是有趣极了！不仅仅透着智慧，还叫你无可奈何！这是他们的良苦用心！唯痴持有意，真诚智善哪得瑰宝？这里说一下，您明白不要私下得意，不要乱生恶言狠意！这样，与我不好，与您更甚，好与坏都有一个分别，不是不报时候不到，您记下了！是人，头上三尺皆有神明！此为真！</p>
<p>&nbsp;<wbr>&nbsp;<wbr>&nbsp;<wbr>
只这样还不行，先前我已经说过，我们练武，起初，都是为了让阴面肌肉听从神经调遣为目的，阳面肌肉暂且不管它，不是不管它，您现在丢也丢不下，要是能丢还好了呢！</p>
<p>&nbsp;<wbr>&nbsp;<wbr>&nbsp;<wbr>
这样，我们看我们把弹簧挂在脚后是有目的的，在脚后就是为了我们后腿面（阴面）的训练，若是挂在脚尖，这里说前脚，你可以试试，一试就知两种不同的感觉，脚尖舒服，脚后别扭，我们就是要个别扭，当别扭也舒服了，您的肩，脊也就知道什么是松了！脚后这里没有太大的关系，先不说！</p>
<p>&nbsp;<wbr>&nbsp;<wbr>&nbsp;<wbr>
两腿知道前后分了，间距自己看先辈样子找个舒服为本，那左右呢，我这里有个主意，当中划一直线，两脚各分在直线左右，前脚内侧紧贴直线，后脚后跟也紧贴直线，后脚后跟与直线成一个45度的夹角！这样，我们的左右内侧肌肉也有了联系！当然这些联系我先前都有详细的叙述了，您若忘了就再去看看拿过来加上去就完整了！</p>
<p>
&nbsp;<wbr>&nbsp;<wbr>&nbsp;<wbr>&nbsp;<wbr>好了，这就是根，现在，您把含胸拔背与气沉丹田与两根弹簧全都连接起来试试看？</p>
<p>&nbsp;<wbr>&nbsp;<wbr>&nbsp;<wbr>
是不是真的很累啊！不累才怪呢！都说松，您看能松么？</p>
<p>&nbsp;<wbr>&nbsp;<wbr>&nbsp;<wbr>
也许，您现在还没有感觉，因为似乎您还不会连，没关系，先这么站站，下节我再帮您！</p>
<p>待续！</p>
<p>&nbsp;<wbr>&nbsp;<wbr></p>"
"独家披露，练功的次序！！！！！！…","http://blog.sina.com.cn/s/blog_5d9eeb970100biyy.html","独家披露，练功的次序！！！！！！！！！！","(2008-12-09 17:43:15)","<p>&nbsp;<wbr>
时下练武者对于武学总是似是而非，总以为套路越多越好，于是，学了小洪拳又赶紧练形意，看到太极不错，又陈氏杨氏的勤练不辍。实在是无稽之谈！</p>
<p>&nbsp;<wbr> 老一辈的武学家实在是笑掉大牙了！</p>
<p>&nbsp;<wbr>
太爷爷当年对爷爷说，功夫不是这么练的，小子！爷爷说，那你怎么什么也会啊？气的太爷爷扭头就走！</p>
<p>其实爷爷说我那时只是在学着你五爷爷的虎形玩而已，没想到你太爷爷生这么大的气，到我23那年我才知你太爷爷的话的分量。</p>
<p>&nbsp;<wbr>
武功很苦，苦在一个功上，若是没有“功”字，那就简单的多了，这也是练武者的一个最大门槛！</p>
<p>&nbsp;<wbr>
练武者，要知功夫的次序，如建设架桥，要一步一步慢慢来才是，不然，就是空中楼阁，只可远观而不可亵玩也，当然，怎么快速的达到功的标准这是我们最最头痛的事情，这先不说！</p>
<p>&nbsp;<wbr> 所谓的功就是饱满的浑圆力，就是阴阳的平衡之说，这就是地基！建筑的材料！</p>
<p>&nbsp;<wbr>
有功就行么？非也，套路是一式一式练的，一个动作完全变成了自己的自然意识形态后方可继续下一式，于是，慢慢累加以至于出手自然，这是传统的练法，如太极，最初也就是十三式而已。</p>
<p>&nbsp;<wbr>
爷爷说，也有不练套路的，其实懂了步伐身形就是真正的高手了，你要看明白哦！是有了真正的阴阳平衡的基础上哦！近代的意拳就是这样思维与练法的楷模，可惜，大部分的意拳洗练者还是走入了内家功习练的误区，形式变的怎么特别，可是本质还是内家拳练法的老错误！一个“松”不知害了多少痴迷的人啊！</p>
<p>&nbsp;<wbr>
现在，我们说套路的打法，在我们没有阴阳平衡的浑圆，在我们没有动起来的动功之前，谁能打得出来一套漂亮的太极啊，说做操是最贴切的定位了！</p>
<p>&nbsp;<wbr> 于是，我们先贤在套路的运动上加上了“如履薄冰”四个字，真是聪慧啊，是什么意思呢？</p>
<p>&nbsp;<wbr> 是生生涩涩的东西怕跑了！什么会跑啊！</p>
<p>&nbsp;<wbr> “功”！！！！</p>
<p>&nbsp;<wbr>&nbsp;<wbr>
走起来的功！抓人的功，推人的功，出拳的功，你说这么生涩的功能打人么？</p>
<p>&nbsp;<wbr>&nbsp;<wbr> 非也，</p>
<p>&nbsp;<wbr>&nbsp;<wbr>
练吧,练熟了再打，再找人打！慢慢打，再快点打！要用“功”打哦！！！！！！！！！！！！！！</p>
<p>&nbsp;<wbr>&nbsp;<wbr>
这就是大师，大师只有一个，非有两个！有二即假！！！！！！！！1</p>"
"练功阴阳之要义","http://blog.sina.com.cn/s/blog_5d9eeb970100bh3w.html","练功阴阳之要义","(2008-12-04 14:34:27)","<p>内家拳均以阴阳为本,世间之大莫过于阴阳,阴阳要有物所指才可明理!不然必入混沌!</p>
<p>学武,须知人体之阴阳,知其一才为武之大道!</p>
<p>凡人体关节处顺折面为阴,反折面为阳,</p>
<p>面者,脚底脚面也,手心手背也,腿前腿后也,内臂外臂也,腿内腿外也,前胸后背也,后头脸面也,</p>
<p>细微处,指间也,脚踝也,项也,.......</p>
<p>知阴阳才可五弓备!</p>
<p>你们可要注意哦!爷爷的爷爷说,这话要值白银一两,好米一石哦!</p>
<p>练武者要知用阳练阴,别无二法,谨记!</p>
<p>拜过师门的,你可不要乱问哦,师傅不说,问有何用,</p>
<p>自己要注意哦!<img src=""http://blogimg.sinajs.cn/images/control/face/001.gif"" real_src=""http://blogimg.sinajs.cn/images/control/face/001.gif"" alt=""练功阴阳之要义"" title=""练功阴阳之要义""></p>"
"绝世武功：书拳同道  画眼我心","http://blog.sina.com.cn/s/blog_5d9eeb970100dsr1.html","绝世武功：书拳同道  画眼我心","(2009-06-19 16:23:31)","<p><a href=""http://photo.blog.sina.com.cn/showpic.html#blogid=5d9eeb970100dsr1&amp;url=http://s14.sinaimg.cn/orignal/5d9eeb97t7144ba1fc69d&amp;690"" target=""_blank""><img src=""http://s14.sinaimg.cn/bmiddle/5d9eeb97t7144ba1fc69d&amp;690"" real_src=""http://s14.sinaimg.cn/bmiddle/5d9eeb97t7144ba1fc69d&amp;690"" alt=""绝世武功：书拳同道&nbsp;<wbr>&nbsp;<wbr>画眼我心"" title=""绝世武功：书拳同道&nbsp;<wbr>&nbsp;<wbr>画眼我心""></a><a href=""http://photo.blog.sina.com.cn/showpic.html#blogid=5d9eeb970100dsr1&amp;url=http://s5.sinaimg.cn/orignal/5d9eeb97t6caf4a410864&amp;690"" target=""_blank""><img src=""http://s5.sinaimg.cn/bmiddle/5d9eeb97t6caf4a410864&amp;690"" real_src=""http://s5.sinaimg.cn/bmiddle/5d9eeb97t6caf4a410864&amp;690"" alt=""绝世武功：书拳同道&nbsp;<wbr>&nbsp;<wbr>画眼我心"" title=""绝世武功：书拳同道&nbsp;<wbr>&nbsp;<wbr>画眼我心""></a></p>
<p>先生曹建斌，质若玉，谦和却阳光，</p>
<p>万般豪情在边疆，大气孕和田，美玉也。</p>
<p>人若兰，书画隽气优雅，心地灿烂，飘香而无言。书如其人，真，雅，谦，大美也。</p>
<p>刚刚看过了先生的最新创作：老兵</p>
<p>这里是先生的网络画室<a href=""http://blog.sina.com.cn/xjhtcjb"">http://blog.sina.com.cn/xjhtcjb</a>驻足不思归家。我时常像这样傻子一样站住哦。</p>"
"绝世武功：关于书画与“劲”的关系","http://blog.sina.com.cn/s/blog_5d9eeb970100dmij.html","绝世武功：关于书画与“劲”的关系","(2009-06-05 05:33:17)","<p><font style=""FonT-siZe: 14px""><font style=""FonT-siZe: 14px""><font style=""FonT-siZe: 18px""><font style=""FonT-siZe: 20px""><font style=""FonT-siZe: 22px""><font style=""FonT-siZe: 14px""><font style=""FonT-siZe: 14px""><font style=""FonT-siZe: 14px"">&nbsp;<wbr><font style=""FonT-siZe: 18px"">&nbsp;<wbr>&nbsp;<wbr> <font style=""FonT-siZe: 14px"">此文先说一个人的名字“袁争真”先生！为何？因为此文我只是代述而已，这篇文章的思想很久就已经在我的心里翻腾，却没有理出一个头绪，缘见争真先生使我一目了然，征得了先生意见，先生欣然应允说：“我的搏客之中的东西你可以任意选用，谢谢”。此为师者尊颜！</font></font></font></font></font></font></font></font></font></font></p>
<p><font style=""FonT-siZe: 14px"">&nbsp;<wbr>&nbsp;<wbr>&nbsp;<wbr>&nbsp;<wbr>先生说艺用了一句俗语：文到极点为武，武到极点为文！一字千金！</font></p>
<p><font style=""FonT-siZe: 14px"">&nbsp;<wbr>&nbsp;<wbr>&nbsp;<wbr>
我们这里说的还是艺术成就的关键问题，怎样快速实在的达到艺术的殿堂的问题，这是两点之间直线与曲线的问题，此是为文的意义！</font></p>
<p><font style=""FonT-siZe: 14px"">&nbsp;<wbr>&nbsp;<wbr>&nbsp;<wbr>
关于争真先生，在这里我还要说一些：您可以不喜欢先生的书法，可是，不可不信先生的苦心！书画顶峰表现的是个人的载体，他的极限已经超出了书的范围！这样，他的风格也许无法投机于您的喜好！但是，有一点您可能不得不承认，那就是先生灵动而无可挑剔的自如线条，也许您私下会自己慨叹的说，要是我能这样那该多好啊！是的，慨叹归慨叹，可是现在先生与我说了其中的玄机也许您还是照样会嗤之以鼻！世人都是这个样子，随缘吧！</font></p>
<p><font style=""FonT-siZe: 14px"">&nbsp;<wbr>&nbsp;<wbr>&nbsp;<wbr>
这样，我就用拿来主义把先生的论述用我的话奉献给大家，这样，也算是先生与我对大家的一点点贡献！到此，也可对我的片头博文那个好笑的做法有了一个交代！</font></p>
<p><font style=""FonT-siZe: 14px"">&nbsp;<wbr>&nbsp;<wbr>&nbsp;<wbr>
先生如是说：书法是人类一切艺术表现之精华.集天意&lt;自然运行规律&gt;,人意,字意于一身.合速度,力度,节奏,韵味于一体.&nbsp;<wbr></font></p>
<p><font style=""FonT-siZe: 14px"">&nbsp;<wbr>&nbsp;<wbr>&nbsp;<wbr>&nbsp;<wbr>天意&lt;自然运行规律&gt;&nbsp;<wbr><wbr>&nbsp;<wbr><wbr><br>

&nbsp;<wbr>&nbsp;<wbr>&nbsp;<wbr>&nbsp;<wbr>人意&lt;气血运行规律&gt;&nbsp;<wbr><wbr>&nbsp;<wbr><wbr><br>

&nbsp;<wbr>&nbsp;<wbr>&nbsp;<wbr>&nbsp;<wbr>字意&lt;线条运行规律&gt;&nbsp;<wbr></font></p>
<p><font style=""FonT-siZe: 14px"">&nbsp;<wbr>&nbsp;<wbr>&nbsp;<wbr>
先生还说：</font></p>
<p><font style=""FonT-siZe: 14px"">&nbsp;<wbr>&nbsp;<wbr>&nbsp;<wbr>&nbsp;<wbr>思想对点,线.面之中的速度,力度,节奏,韵味的认识.&nbsp;<wbr><wbr>&nbsp;<wbr><wbr><br>

&nbsp;<wbr>&nbsp;<wbr>&nbsp;<wbr>
身体对点,线.面之中的速度,力度,节奏,韵味的认识.&nbsp;<wbr><wbr>&nbsp;<wbr><wbr><br>

&nbsp;<wbr>&nbsp;<wbr>&nbsp;<wbr>
行为对点,线.面之中的速度,力度,节奏,韵味的认识.&nbsp;<wbr><wbr>&nbsp;<wbr><wbr><br>

&nbsp;<wbr>&nbsp;<wbr>&nbsp;<wbr>
三者合一.归意指挥,是一切艺术的自然之道.书法是一门非常博大的学问,同样是写一笔.有直着笔写的,有斜着笔写的,有悬空写的&lt;手&gt;,有搁着写的,有用笨力写的,有用灵活的力量写的,有站着写的,有座着写的,有意在力前的.有力在意前的,有有气无力的,有有气有力的,有拖着毛笔笔毫写的,有顶着毛笔笔尖写的.有力往下沉的,有力往上提的......这些所有的表现形式,都能在书写者所书写的线条里表现出来.</font></p>
<p><font style=""FonT-siZe: 14px""><font style=""FonT-siZe: 18px""><font style=""FonT-siZe: 14px"">&nbsp;<wbr>&nbsp;<wbr>&nbsp;<wbr>&nbsp;<wbr>&nbsp;<wbr>书法和写字是应该有原则上的区别的：书法的变化,不是表现在字形上的变化,字形的变化只是书法形式的表面现象而已,书法变化的形式,应该在毛笔的中锋前提下.追求线条的千变万化.....然后再出现字形的千变万化.&nbsp;<wbr><wbr>&nbsp;<wbr>虽然字形有无限的千变万化,但是用笔的力量是千古不变的.这用笔的力量应该在使用毛笔中锋的前提下,随意能做出,左行力,右行力,上提力,下按力,园转力.如果说,这些力你都能如意使用的话,那么,无论字形怎么变化,你都能把握住书法中那个法的含义了.反之,只求字形的变化,那将是永远的和书法无缘相会了&nbsp;<wbr>。<wbr><br>

<wbr>&nbsp;<wbr>&nbsp;<wbr>&nbsp;<wbr>&nbsp;<wbr>
漂亮是,求形,&nbsp;<wbr><wbr>&nbsp;<wbr><wbr><br>
&nbsp;<wbr>&nbsp;<wbr>&nbsp;<wbr>&nbsp;<wbr>
古拙是,求神,&nbsp;<wbr><wbr>&nbsp;<wbr><wbr><br>
&nbsp;<wbr>&nbsp;<wbr>&nbsp;<wbr>&nbsp;<wbr>
飘逸是,求灵.&nbsp;<wbr><wbr>&nbsp;<wbr><wbr><br>
&nbsp;<wbr>&nbsp;<wbr>&nbsp;<wbr>&nbsp;<wbr>
这种能动皆由人意控制,体现在字的线条里,</font>&nbsp;<wbr><wbr>&nbsp;<wbr><wbr><br>

&nbsp;<wbr>&nbsp;<wbr>&nbsp;<wbr>&nbsp;<wbr><font style=""FonT-siZe: 14px"">求形者,搭字形.......求字的漂亮.&nbsp;<wbr><wbr>&nbsp;<wbr><wbr><br>

&nbsp;<wbr>&nbsp;<wbr>&nbsp;<wbr>&nbsp;<wbr>
求神者,追求筋骨力....,求字的功力&nbsp;<wbr><wbr>&nbsp;<wbr><wbr><br>

&nbsp;<wbr>&nbsp;<wbr>&nbsp;<wbr>&nbsp;<wbr>
求灵者,挥洒精气神.....求字的飘逸.&nbsp;<wbr><wbr>&nbsp;<wbr><wbr><br>

&nbsp;<wbr>&nbsp;<wbr>&nbsp;<wbr>&nbsp;<wbr>
求形者.字的线条无规律表现.不讲究中锋.边锋,毛笔怎么用都可以.&lt;线条无规律表现形式&gt;&nbsp;<wbr><wbr>&nbsp;<wbr><wbr><br>
</font>&nbsp;<wbr>&nbsp;<wbr>&nbsp;<wbr>&nbsp;<wbr>求神者,字的线条有规律表现,讲究中锋,&lt;线条表现形式,,,,,,见方.&gt;&nbsp;<wbr><wbr>&nbsp;<wbr><wbr><br>

<font style=""FonT-siZe: 14px"">&nbsp;<wbr>&nbsp;<wbr>&nbsp;<wbr>&nbsp;<wbr>
<font style=""FonT-siZe: 18px"">求灵者,字的线条表现在园转上,准中锋园转,,,,,,,&lt;线条表现形式,,,,,园中带方&nbsp;<wbr><wbr>&gt;&nbsp;<wbr><wbr>.</font></font></font></font></p>
<p><font style=""FonT-siZe: 18px"">&nbsp;<wbr>&nbsp;<wbr>&nbsp;<wbr>&nbsp;<wbr>
<font style=""FonT-siZe: 14px"">先生又问：书法的技术与法术有什么原则上的区别呢？这里先生打了一个比方！</font></font></p>
<p><font style=""FonT-siZe: 14px""><font style=""FonT-siZe: 18px""><font style=""FonT-siZe: 14px"">&nbsp;<wbr></font><font style=""FonT-siZe: 14px""><font style=""FonT-siZe: 14px""><font style=""FonT-siZe: 14px""><font style=""FonT-siZe: 14px""><font style=""FonT-siZe: 14px""><font style=""FonT-siZe: 14px""><font style=""FonT-siZe: 14px"">&nbsp;<wbr>&nbsp;<wbr><font style=""FonT-siZe: 14px"">&nbsp;<wbr><font style=""FonT-siZe: 14px"">&nbsp;<wbr></font></font></font>
<font style=""FonT-siZe: 14px""><font style=""FonT-siZe: 14px""><font style=""FonT-siZe: 14px""><font style=""FonT-siZe: 14px""><font style=""FonT-siZe: 14px"">说</font><font size=""3""><font style=""FonT-siZe: 14px"">一个小学生写了一个和名家一模一样的字，论字形来说，假设，没有一丝一毫的差别．但是，我们还是能够马上一眼就看出来，哪个是名家写的，哪个是小学生写的．这是为什么呢？这个小学生所写的字与名家所写的字的差别，它其实已经与书无关了＜书，形也＞．我们所看出来的差别，只是感到小学生写的字，虽然字形与名家的字形一模一样．但是，小学生写字的力度与名家所写字的力度有着一种质上的区别．这种区别不是具体的体现在字形上，而是体现在这个字的每一点，每一笔上．因为小学生写字用笔的力度肯定是与名家写字所用的力</font>度是不一样的</font></font></font></font></font></font></font></font></font></font></font></font></font>！这与武术也是一样的！</p>
<p><font style=""FonT-siZe: 18px"" size=""3"">&nbsp;<wbr>&nbsp;<wbr>&nbsp;<wbr>&nbsp;<wbr>
<font style=""FonT-siZe: 14px"">在武术中有说，打拳不练功，到老一场空．武术运动中所谓的功的作用，与书法中法的含义是一模一样的．武术中所说，无论你拳打得再怎么好，套路整齐规范，动作漂亮灵活，如果说你缺少了武术运动中所特有的功的作用（劲），那么，你打了一辈子拳也是花架子，华而不实，是白练，没用．书法也是如此，写字没有法（劲），写一辈子字也是白写．无论那字你写得再怎么漂亮，美丽，那字形再怎么拼凑，变形，也是花架子，华而不实，没用！</font></font></p>
<p><font style=""FonT-siZe: 14px"">&nbsp;<wbr>&nbsp;<wbr>&nbsp;<wbr>&nbsp;<wbr>
书法的艺术难就难在一个软上，因为笔毫是软的！</font><font style=""FonT-siZe: 18px"" size=""3""><font style=""FonT-siZe: 14px"">所以大力士力量再大，他的力量也只限于能够把笔杆抓得更紧．如果他若想使笔毫按他的思想意识行走，由于使用的力量不同，他所有的力量也就停留在笔杆上了．笔毫一动也不动，或者笔发抖＜心有余，力不足＞．如果不抓紧呢？使用笔是轻松了，但笔毫又会毫无目的地乱走，根本与你的思想意识合不上拍．如果用这种行为来写字的话，时间长了，他也能写出各种各样的不同字形来．但是，这种外在字体形式的表现，只是一种表面的形式表现．因为在书写的过程中，你的笔杆是放松的，你的内在的能量并没用得到真正的发挥．严格地来说，就算你在写毛笔字，也不等于你在写书法．书法中法的要求是，最大限度地把你的内在意识与能量，倾注在你所掌握的笔尖上，让你在书写字的过程中，你自我的激情与能量得到最大程度的如意发挥．书法的正确之解为，你在书写的过程中，借助一个共识符号，如意地发挥你的灵感与灵动的最佳表现．书法是我们中华民族文化中一切艺术表现之登峰造极之法．因为，一切艺术所必须之首要条件，书法的法则里都具备齐全了．一切艺术最完美的表现现象，离不开四个首要条件，即：速度，力度，节奏，韵味．<br>

<br>
历代书家字为本，　　　　　　腋下生风，<br>
我观书法人为根，　　　　　　精气神动，<br>
根生于心文武现，　　　　　　心催笔走，<br>
我意挥洒大道行</font>．　　　　 <font style=""FonT-siZe: 14px"">情随墨涌．</font></font></p>
<p><font style=""FonT-siZe: 18px"" size=""3"">&nbsp;<wbr>&nbsp;<wbr>&nbsp;<wbr>
<font style=""FonT-siZe: 14px"">这是先生的对于书法的总述</font><font style=""FonT-siZe: 14px"">，这是结果，他说这个结果与法有关，这个法是什么呢？怎样才是真正的法呢？</font></font></p>
<p><font style=""FonT-siZe: 14px"">&nbsp;<wbr>&nbsp;<wbr>&nbsp;<wbr>
到此算是一节，再回头看，竟然我没有说过什么，不是转帖，算是摘抄吧！</font></p>
<p><font style=""FonT-siZe: 14px"">待续！</font></p>
<p><font style=""FonT-siZe: 14px"">&nbsp;<wbr>&nbsp;<wbr>&nbsp;<wbr>&nbsp;<wbr>&nbsp;<wbr><br>

<br>
<wbr>&nbsp;<wbr><wbr><br>
<wbr><wbr><br></font></p>"
"内家拳中的重要之诀：怎样圆裆！","http://blog.sina.com.cn/s/blog_5d9eeb970100d90k.html","内家拳中的重要之诀：怎样圆裆！","(2009-05-06 19:07:46)","<p>&nbsp;<wbr>&nbsp;<wbr>&nbsp;<wbr>
话圆裆，当识会阴之重要！</p>
<p>&nbsp;<wbr>&nbsp;<wbr>&nbsp;<wbr>
内家拳，在洗练过程中，师傅总是强调“提肛”之重要！</p>
<p>&nbsp;<wbr>&nbsp;<wbr>&nbsp;<wbr>
在所有的结集书册中也总是提到，收会阴，提肛，忍大便状等许多的要点！说法不同意思唯一，可见，肛门会阴位置具有特别重要的意义！结集书册未曾明点这个“重要”的原因，所以，习者总是不那么重视！</p>
<p>&nbsp;<wbr>&nbsp;<wbr>&nbsp;<wbr>
1.很难受，初期总是难能其为！故望而却步！</p>
<p>&nbsp;<wbr>&nbsp;<wbr>&nbsp;<wbr>
2.自以为：这与武有什么关系呢？小题大做！</p>
<p>&nbsp;<wbr>&nbsp;<wbr>&nbsp;<wbr>
现在，我慢慢的说来，也许你会知其要义而为之，这样我们就过了武者的一大难关！</p>
<p>&nbsp;<wbr>&nbsp;<wbr>&nbsp;<wbr>
会阴，肛门，生殖器官，尾骨在人体位于左右之中，中者，左右之系也，除椎骨外，左右之肉体在中部以会阴为主而联合，如此，此为左右之中柱，中柱实则左右接，左右接则可谓一体也！</p>
<p>
&nbsp;<wbr>&nbsp;<wbr>&nbsp;<wbr>&nbsp;<wbr>我们看，随着我们的前后左右之锻炼，我们的左，右各侧似乎很易达到一体，可是当真正推手或是技击时就是因为会阴等中部的不衔接而左右不能为一，所以，难化难打，为什么？不是真圆啊！</p>
<p>&nbsp;<wbr>&nbsp;<wbr>&nbsp;<wbr>
撇开我们武者的身份，我来说说提肛，收会阴之妙处！这话远了，可是有必要一说！</p>
<p>&nbsp;<wbr>&nbsp;<wbr>&nbsp;<wbr>
时下，浮躁的社会造就了压力的繁重，好像关于性事的问题层出不穷，问题当然很复杂，可是解决的方案似乎再也没有这个方法最有效了，这也是古代的房中术重要的方法之一！此外，这也是我们痔疮患者最有效的根除之秘！</p>
<p>
&nbsp;<wbr>&nbsp;<wbr>&nbsp;<wbr>&nbsp;<wbr>方法很简单，做起来似乎不难，但是要是有效只有两个字“戒持”，戒是规则，持是坚持做下去，这是佛道的术语，我们用之。</p>
<p>&nbsp;<wbr>&nbsp;<wbr>&nbsp;<wbr>
武者，这是我们最重要的东西，其实，人生何尝不是这个样子呢？</p>
<p>&nbsp;<wbr>&nbsp;<wbr>&nbsp;<wbr>
不气馁，不放弃！必有成！</p>
<p>这里我把与好友交流特意复制上来补备上文，望学者三思：</p>
<p>这里提肛是练法，圆裆是结果，并不是提了就圆了！所以，外形不等于功力！<br>
我们看打拳，有的方正华丽，其实，一点拳没有，有的笨拙，其实大有看头，当然，方正华丽且有拳者，这就少之又少了！</p>
<p>
&nbsp;<wbr>&nbsp;<wbr>&nbsp;<wbr>&nbsp;<wbr>重申：“收”会阴我们不可强为，在意而不在力，其实，成事非一日之功，日积月累方纯正，不可操之过急，急则重则偏，无意，当注意！！！！！！！！！</p>"
"内家拳的心意练法：阴阳论！","http://blog.sina.com.cn/s/blog_5d9eeb970100dgpl.html","内家拳的心意练法：阴阳论！","(2009-05-22 08:34:40)","<p>&nbsp;<wbr>&nbsp;<wbr>&nbsp;<wbr>
太极拳的练法我们用阴阳来解，其实也不是特别的复杂，所谓的复杂，是因为我们对先贤的论述大都模糊而不知其就里！不是说他们的表述不确切，是因为他们的表述太确切了，而这个太确切的字句都是我们陌生而不解的古代文化所具有的表述，当然，我们就一头雾水了！因为没接触过啊，hippo是什么？谁知道啊？就是这个意思！</p>
<p>&nbsp;<wbr>&nbsp;<wbr>&nbsp;<wbr>
为了我们有个亲切合意的思想认知，我试着用我们常规大众所能接受的语言来表述表述这个阴阳，对与否不敢肯定，也许对于武学的洗练还是有效的，这样，在你有了效果之后你就把这种表述丢了再重新研究，这就是层次，结果是重要的，到达的手段没有意义，所以，成佛有众多法门，无可无非！可是，佛祖却说什么也没有！为什么？因为法门不是佛啊！要是总是抱着一个法门的层次不放，那就错了！阴阳，变化也！</p>
<p>
&nbsp;<wbr>&nbsp;<wbr>&nbsp;<wbr>&nbsp;<wbr>
这里只说内家拳的练法之阴阳解！界定了这个范围才能有意义，不然，就成了废话！</p>
<p>
&nbsp;<wbr>&nbsp;<wbr>&nbsp;<wbr>&nbsp;<wbr>
太极图是黑白两色，我们说其中的思想方面！了悟其理比会其形要高明得多！这是说走架！</p>
<p>
&nbsp;<wbr>&nbsp;<wbr>&nbsp;<wbr>&nbsp;<wbr>
走架打拳怎样才能做到入拳三味呢？很难！当然很难了！这是一个生理学问，打个比方：我们平常评价一个人说：这个人很成功（结果）！从小就有志向（目标）做事有板有眼（行为稳重不浮躁）他一直都是这么做的（戒持有度）不好才怪（结果）！这是一个人的发展史，阴阳对接啊！为什么打这个比方呢？我们来分析分析其中的人的心理旅程。1，目标，我们可以看做是太极图中的黑色，我们定位说是这人一生的主</p>
<p>
&nbsp;<wbr>&nbsp;<wbr>&nbsp;<wbr>&nbsp;<wbr>&nbsp;<wbr>&nbsp;<wbr>&nbsp;<wbr>&nbsp;<wbr>&nbsp;<wbr>&nbsp;<wbr>&nbsp;<wbr>&nbsp;<wbr>&nbsp;<wbr>&nbsp;<wbr>&nbsp;<wbr>&nbsp;<wbr>&nbsp;<wbr>&nbsp;<wbr>&nbsp;<wbr>&nbsp;<wbr>&nbsp;<wbr>&nbsp;<wbr>&nbsp;<wbr>&nbsp;<wbr>&nbsp;<wbr>&nbsp;<wbr>&nbsp;<wbr>&nbsp;<wbr>&nbsp;<wbr>&nbsp;<wbr>&nbsp;<wbr>&nbsp;<wbr>
观意识：他一生要奋斗的事情。</p>
<p>
&nbsp;<wbr>&nbsp;<wbr>&nbsp;<wbr>&nbsp;<wbr>&nbsp;<wbr>&nbsp;<wbr>&nbsp;<wbr>&nbsp;<wbr>&nbsp;<wbr>&nbsp;<wbr>&nbsp;<wbr>&nbsp;<wbr>&nbsp;<wbr>&nbsp;<wbr>&nbsp;<wbr>&nbsp;<wbr>&nbsp;<wbr>&nbsp;<wbr>&nbsp;<wbr>&nbsp;<wbr>&nbsp;<wbr>&nbsp;<wbr>&nbsp;<wbr>&nbsp;<wbr>&nbsp;<wbr>&nbsp;<wbr>&nbsp;<wbr>&nbsp;<wbr>&nbsp;<wbr>&nbsp;<wbr>2，行为稳重不浮躁，是做到这种主观意识所必须保持的准则，它的对应</p>
<p>
&nbsp;<wbr>&nbsp;<wbr>&nbsp;<wbr>&nbsp;<wbr>&nbsp;<wbr>&nbsp;<wbr>&nbsp;<wbr>&nbsp;<wbr>&nbsp;<wbr>&nbsp;<wbr>&nbsp;<wbr>&nbsp;<wbr>&nbsp;<wbr>&nbsp;<wbr>&nbsp;<wbr>&nbsp;<wbr>&nbsp;<wbr>&nbsp;<wbr>&nbsp;<wbr>&nbsp;<wbr>&nbsp;<wbr>&nbsp;<wbr>&nbsp;<wbr>&nbsp;<wbr>&nbsp;<wbr>&nbsp;<wbr>&nbsp;<wbr>&nbsp;<wbr>&nbsp;<wbr>&nbsp;<wbr>&nbsp;<wbr>&nbsp;<wbr>
面就是不稳重很浮躁，就是太极图中的白色！我们定位说是这个人一</p>
<p>
&nbsp;<wbr>&nbsp;<wbr>&nbsp;<wbr>&nbsp;<wbr>&nbsp;<wbr>&nbsp;<wbr>&nbsp;<wbr>&nbsp;<wbr>&nbsp;<wbr>&nbsp;<wbr>&nbsp;<wbr>&nbsp;<wbr>&nbsp;<wbr>&nbsp;<wbr>&nbsp;<wbr>&nbsp;<wbr>&nbsp;<wbr>&nbsp;<wbr>&nbsp;<wbr>&nbsp;<wbr>&nbsp;<wbr>&nbsp;<wbr>&nbsp;<wbr>&nbsp;<wbr>&nbsp;<wbr>&nbsp;<wbr>&nbsp;<wbr>&nbsp;<wbr>&nbsp;<wbr>&nbsp;<wbr>&nbsp;<wbr>&nbsp;<wbr>&nbsp;<wbr>生的其它意识：潜意识。</p>
<p>
&nbsp;<wbr>&nbsp;<wbr>&nbsp;<wbr>&nbsp;<wbr>&nbsp;<wbr>&nbsp;<wbr>&nbsp;<wbr>&nbsp;<wbr>&nbsp;<wbr>&nbsp;<wbr>&nbsp;<wbr>&nbsp;<wbr>&nbsp;<wbr>&nbsp;<wbr>&nbsp;<wbr>&nbsp;<wbr>&nbsp;<wbr>&nbsp;<wbr>&nbsp;<wbr>&nbsp;<wbr>&nbsp;<wbr>&nbsp;<wbr>&nbsp;<wbr>&nbsp;<wbr>&nbsp;<wbr>&nbsp;<wbr>&nbsp;<wbr>&nbsp;<wbr>&nbsp;<wbr>&nbsp;<wbr>
3，持戒有度就是在生活过程中黑白的变化即主观与潜意识的变化！怎样</p>
<p>
&nbsp;<wbr>&nbsp;<wbr>&nbsp;<wbr>&nbsp;<wbr>&nbsp;<wbr>&nbsp;<wbr>&nbsp;<wbr>&nbsp;<wbr>&nbsp;<wbr>&nbsp;<wbr>&nbsp;<wbr>&nbsp;<wbr>&nbsp;<wbr>&nbsp;<wbr>&nbsp;<wbr>&nbsp;<wbr>&nbsp;<wbr>&nbsp;<wbr>&nbsp;<wbr>&nbsp;<wbr>&nbsp;<wbr>&nbsp;<wbr>&nbsp;<wbr>&nbsp;<wbr>&nbsp;<wbr>&nbsp;<wbr>&nbsp;<wbr>&nbsp;<wbr>&nbsp;<wbr>&nbsp;<wbr>&nbsp;<wbr>&nbsp;<wbr>
戒持有度？就是把潜意识里所有的东西全都变成主观意识有用的东</p>
<p>
&nbsp;<wbr>&nbsp;<wbr>&nbsp;<wbr>&nbsp;<wbr>&nbsp;<wbr>&nbsp;<wbr>&nbsp;<wbr>&nbsp;<wbr>&nbsp;<wbr>&nbsp;<wbr>&nbsp;<wbr>&nbsp;<wbr>&nbsp;<wbr>&nbsp;<wbr>&nbsp;<wbr>&nbsp;<wbr>&nbsp;<wbr>&nbsp;<wbr>&nbsp;<wbr>&nbsp;<wbr>&nbsp;<wbr>&nbsp;<wbr>&nbsp;<wbr>&nbsp;<wbr>&nbsp;<wbr>&nbsp;<wbr>&nbsp;<wbr>&nbsp;<wbr>&nbsp;<wbr>&nbsp;<wbr>&nbsp;<wbr>&nbsp;<wbr>&nbsp;<wbr>西，并且坚持下来。不骄不躁，不好色，不偷抢，，，，，，，</p>
<p>
&nbsp;<wbr>&nbsp;<wbr>&nbsp;<wbr>&nbsp;<wbr>&nbsp;<wbr>&nbsp;<wbr>&nbsp;<wbr>&nbsp;<wbr>&nbsp;<wbr>&nbsp;<wbr>&nbsp;<wbr>&nbsp;<wbr>&nbsp;<wbr>&nbsp;<wbr>&nbsp;<wbr>&nbsp;<wbr>&nbsp;<wbr>&nbsp;<wbr>&nbsp;<wbr>&nbsp;<wbr>&nbsp;<wbr>&nbsp;<wbr>&nbsp;<wbr>&nbsp;<wbr>&nbsp;<wbr>&nbsp;<wbr>&nbsp;<wbr>&nbsp;<wbr>&nbsp;<wbr>&nbsp;<wbr>&nbsp;<wbr>4，结果就是圆了，成功了！</p>
<p>一个人成功难么？非也，非非也！难怪有人喜欢把个“忍”字写在床头！这还不算还要刻在胳膊上，其实应该放在心里才是！</p>
<p>&nbsp;<wbr>&nbsp;<wbr>&nbsp;<wbr>
还是说拳！世事太复杂，打好拳了，世事也就简单了！</p>
<p>&nbsp;<wbr>&nbsp;<wbr>&nbsp;<wbr>
怎样做到入拳三味呢？</p>
<p>&nbsp;<wbr>&nbsp;<wbr>&nbsp;<wbr>
看了上面的人生，拳就好理解的多了！怎样做到气沉丹田，松静入体呢？</p>
<p>&nbsp;<wbr>&nbsp;<wbr>&nbsp;<wbr>
1，太极图中的黑就是我们打拳时需要做到的各个规矩即主观意识：动作走向，虚灵顶劲，含胸拔背，，，，！</p>
<p>&nbsp;<wbr>&nbsp;<wbr>&nbsp;<wbr>
2，太极图中的白就是我们打拳中无端生出来的一些不合规矩的想法即潜意识，譬如：过快，音乐快了不合拍，想再打几遍就算了，怎么某某还没来啊，这个女人真漂亮，小狗不错，这会有劲怎么没人看看啊。。。。。</p>
<p>
&nbsp;<wbr>&nbsp;<wbr>&nbsp;<wbr>&nbsp;<wbr>3，持戒有度，就是主观意识与潜意识相依相扶，不可自行乱规矩，潜意识一定要依附主观意识来行为，或者是潜意识不能有之，有则丢之，放下，放下，就在此处，不是皆放下，皆放下就没了魂，没了神，更没了心意，是主观意识持，潜意识戒，这样日积月累，自然如入无人之境，</p>
<p>&nbsp;<wbr>&nbsp;<wbr>&nbsp;<wbr>
4，&nbsp;<wbr>结果，还是圆，即意到力到，何坚不催？当然，这里在每个层次所持戒的规矩是不一样的，因为，阴阳，变化也！</p>
<p>&nbsp;<wbr>&nbsp;<wbr>&nbsp;<wbr>
此为心意解！望武者谨记！</p>"
"上乘武学之：合","http://blog.sina.com.cn/s/blog_5d9eeb970100d9rb.html","上乘武学之：合","(2009-05-08 11:25:13)","<p>&nbsp;<wbr>&nbsp;<wbr>&nbsp;<wbr>
合者，一体也！</p>
<p>
&nbsp;<wbr>&nbsp;<wbr>&nbsp;<wbr>&nbsp;<wbr>世之万物，非和不顺！缺者，憾也！艺术当有断臂维纳之美，是不全之憾而美也！别论！</p>
<p>
&nbsp;<wbr>&nbsp;<wbr>&nbsp;<wbr>&nbsp;<wbr>心与目合，肝与筋合，脾与肉合，肺与身合，肾与骨合！此为本身之合，非合不知身健！这不是内合，是众生称谓之合，是武者之基，在武者当以站桩，运动得之！</p>
<p>&nbsp;<wbr>&nbsp;<wbr>&nbsp;<wbr>
手与足合，肘与膝合，肩与胯合，此为外形之合，初，非有武者之拳意，似有形无意之涂鸦，非为之不可得，不可忽视之！当在桩功走拳中仔细寻找，似水中摸鱼，枝上捉蜓，久之必得！</p>
<p>
&nbsp;<wbr>&nbsp;<wbr>&nbsp;<wbr>&nbsp;<wbr>
又，左手与右足合，左肘与右膝合，左肩与右胯合，右三也然，此为五弓之要，在博文《静桩》可以慢慢体会！静桩中不知所以然者，打拳走架概莫能为之，有者，不知何年何月也！形意，通背，八极者别论！</p>
<p>
&nbsp;<wbr>&nbsp;<wbr>&nbsp;<wbr>&nbsp;<wbr>
后及头与手合，身与手合，身与步合，此为内合之外延，需从动桩，走架，或是推手中祥而得之！以后我会详解！望注意关注！</p>
<p>
&nbsp;<wbr>&nbsp;<wbr>&nbsp;<wbr>&nbsp;<wbr>
最后，咱们说说都在议论的经典：内三合！</p>
<p>
&nbsp;<wbr>&nbsp;<wbr>&nbsp;<wbr>&nbsp;<wbr>
拳术之功，非内三合不能论，神气（力）意一气呵成非合不能用，我辈练拳，都是“表演”，现在更是，广场，公园，好像人不多不足以展示，这样，怎么会有心静，怎么会有“丹田”，怎么谈神意力？都说：不是大隐隐入市么？不错！可是我辈少而有大啊！</p>
<p>
&nbsp;<wbr>&nbsp;<wbr>&nbsp;<wbr>&nbsp;<wbr>
记得早先，家师教我与三弟功架及心法后，就让我们一个院东一个院西，这时他总是把院门关闭，把家里的花子狗也撵出去，自己就坐在枣树下喝茶看着我俩，以后，竟然这里也不坐了，干脆回屋，这样我俩就有机会偷一下懒，那次，家师说，就是偷一下懒也比你们总是注意我强！我和三弟吓了一跳，打那后就再也没耍心眼！远了，只为说明注意力的重要性！</p>
<p>
&nbsp;<wbr>&nbsp;<wbr>&nbsp;<wbr>&nbsp;<wbr>&nbsp;<wbr>
接三合说，我们的“动作”形成，此动作非平常动作，是合中之动作，它的形成从单纯僵滞的动作到熟练地掌握，这个过程有一个复杂而且艰难的记忆开始到记忆乱熟掌握的生理习性，这个习性遵循了一个重复记忆仔细记忆到自然反应的生理习性，这个习性还遵循一种间断记忆加强记忆的生理习性，这就要求武者练功不要贪多，不要三天打鱼两天晒网，因为这是我们的生理特征要求我们必须这样做，才能日渐精进！温故知新，故练功要知道这个规律方可在最短的时间能够有最好的成绩！</p>
<p>
&nbsp;<wbr>&nbsp;<wbr>&nbsp;<wbr>&nbsp;<wbr>
三合之中，当五弓之要，五弓备才可入武学之门，这是说静！</p>
<p>
&nbsp;<wbr>&nbsp;<wbr>&nbsp;<wbr>&nbsp;<wbr>
再说三合之动，合必会分，只合不分不能为用，所以合中要有分，分中也合！此为虚实之妙！</p>
<p>
&nbsp;<wbr>&nbsp;<wbr>&nbsp;<wbr>&nbsp;<wbr>
合为阴为收为化，分为阳为放为打，可以互为，此为圆之妙！</p>
<p>
&nbsp;<wbr>&nbsp;<wbr>&nbsp;<wbr>&nbsp;<wbr>
到此似乎万事皆备，非也！此为一圆！非全身之圆九曲连珠之妙也！大圈小圈圈圈相连，这时我记起那时家师一句话，叫我糊涂了好久：五牛，你几时叫我摸不到你才好啊！</p>
<p>
&nbsp;<wbr>&nbsp;<wbr>&nbsp;<wbr>&nbsp;<wbr>
武者要思之！</p>
<p>
&nbsp;<wbr>&nbsp;<wbr>&nbsp;<wbr>&nbsp;<wbr>&nbsp;<wbr></p>
<p>&nbsp;<wbr></p>
<p>&nbsp;<wbr></p>"
"端午自省，祝快乐！","http://blog.sina.com.cn/s/blog_5d9eeb970100dj94.html","端午自省，祝快乐！","(2009-05-28 07:39:04)","<p>粽清心香史万年，神藏武道岁有环！</p>
<p>镜中花月人自有，人是人非人无言！</p>"
"也谈站桩","http://blog.sina.com.cn/s/blog_5d9eeb970100bpoc.html","也谈站桩","(2008-12-28 20:15:38)","<p>&nbsp;<wbr>&nbsp;<wbr>
中国拳术在世界应该是独一无二的，桩功应该是最大的功劳，老一辈的祖训总是界定式的要求，它要我们无条件的服从为要！无可厚非！</p>
<p>&nbsp;<wbr>&nbsp;<wbr>
因为时代的变迁，这要求我们从科学的角度来探讨，以达到适应这个速度腾飞的社会！</p>
<p>&nbsp;<wbr>&nbsp;<wbr>
武术的桩功是历年来的研究课题，我不知道他们是在遮掩还是确是不知！反正就是在我看了无数的理论书籍之后还是一头雾水！真急杀了我这个本不是快嘴的人！</p>
<p>&nbsp;<wbr>&nbsp;<wbr>
我敢说，若是中国的武术总是这么独自跳舞的话，我想不久以后，武术的骄傲应该不是我们独有的了！</p>
<p>&nbsp;<wbr>&nbsp;<wbr>
我最近看过一部影片，名字叫《暴力街区》，我记得他的运动特点是用了一个流行的名字叫“跑酷”，这个流行于法国的运动方式，用了几年的时间竟然达到了令人无所企及的地步！其实，在这个影片当中，它涵盖了我们武术的大部分高层次！我不知他的训练方式是什么，可是他的成型速度应该是很快的！</p>
<p>&nbsp;<wbr>&nbsp;<wbr>&nbsp;<wbr>
再说我们的武术桩功，很多现在的武术达人，有很多还是年轻的成就者，可是一开口什么“丹田”，“气血”，什么“元气”，好像这是祖先的牌位一样供着，张口就发出一种千年的腐臭来，我这么说并不是我不尊重先贤，反而，我是最崇敬于他们的，可是，时代的发展，科学知识的增加，我们还是这么顺手拈来先贤们的东西，而不用自己负责的科学的方式来剖析，却用了先贤们的智慧做屏障来讨几个饭钱，我想先贤们在地下也是鄙斥的！</p>
<p>&nbsp;<wbr>&nbsp;<wbr>&nbsp;<wbr>
很多现在的武术理论，也打了现代科学的幌子，可是翻开来一看，不由人大失所望！还是什么”丹田“那一套！总觉得是扯了大旗在作书！我的意思是说在“我们”混沌无知的情况下，丹田应该已经不是“我辈”浮躁者探求的范围，太远！</p>
<p>&nbsp;<wbr>&nbsp;<wbr>
也是！！！！！！说了这么多，其实，还是没有站桩的实质麽！惭愧！</p>
<p>&nbsp;<wbr>&nbsp;<wbr>
看官注意了！武术其实没有什么书可著的，因为就几句话而已！这就叫真传几句话，假传万卷书！</p>
<p>&nbsp;<wbr>&nbsp;<wbr>
为什么要站桩呢？因为人体只有在意识专注的情况下，小脑的神经系统才能最大限度的支配我们平常已经萎缩的辅助肌《就是阴》，这样，日积月累，我们的阴面肌肉就会全部激活，于是阴阳平衡，功成！</p>
<p>&nbsp;<wbr>&nbsp;<wbr>
就是这么简单嘛！看样子我是不能出书了！有几句话的书麽？</p>
<p>&nbsp;<wbr>&nbsp;<wbr>
知道了神经调配肌肉的方法了，你知道神经怎么才能快速调配肌肉么？</p>
<p>&nbsp;<wbr>&nbsp;<wbr> 啊！打死我也不说！哈哈哈！！！！开玩笑！</p>
<p>&nbsp;<wbr>&nbsp;<wbr>
关注我哦！这是下次的问题！很简单哦！也是几句话而已！！！！</p>
<p>
&nbsp;<wbr>&nbsp;<wbr>&nbsp;<wbr>重申，入门者要坚信是这样的！</p>"
"太祖爷爷的江湖逸事","http://blog.sina.com.cn/s/blog_5d9eeb970100bhrl.html","太祖爷爷的江湖逸事","(2008-12-06 13:00:54)","<p>&nbsp;<wbr>
你七爷爷总是用拳不多说话,人送外号""哑巴七"",不是真的哑巴哦,走江湖都是功夫说话,得个外号不容易啊!</p>
<p>&nbsp;<wbr>
那年,你七爷爷伤了手臂,可生意来了不好推脱,晚上你七爷爷过来叫我去帮衬帮衬,我就答应了,山东到北京是你七爷爷的老路,没有意外出,那时,我因为得罪了大掌柜,在家没事,你七爷爷是帮衬我啊!</p>
<p>&nbsp;<wbr>
到了北京,掌柜说还要等两天才有回货,不急,我哥俩就到处拜朋友说话,江湖生意功夫是底子,朋友才是财路啊!中午,我哥俩先去了兴旺商铺,蹲竿的瞎子李陪主人去了南京,于是下午我们就去了鸿兴局,鸿兴局的王掌柜才40多岁,文文弱弱的模样,可是财路广,一手好洪拳,几个人吃到深夜才罢.</p>
<p>&nbsp;<wbr>
第二天,你七爷爷非拉我去会宾楼找福子,福子是瞎子李的徒弟,因为家穷,就在会宾楼当了个伙计,他坐店不行,功夫也练也不练的,可小伙子是好料,你七爷爷总是放不下他.中午偏西,我们故意错过了忙时,进了会宾楼,好大的一个厅堂只有一个大桌在吃喝,福子站在柜边,正与一个胖子说事,样子很沮丧,前襟还湿了水!进了店门,福子很吃惊,接着欣喜的叫了声:七师伯!吃喝的九个大汉齐刷刷都看了过来,我与你七爷爷互对了一下心思,没动声色,一个黑个站了起来,横着身子往这晃,一看就知是练硬功的,没根子,一边说:今儿个不待客,去对门吃去!福子说:他们是我的亲戚,来找我的,黑个就没说话.福子就把我俩领到了他们一边的一个桌子坐下,合该有事出!也许是福子故意这么安排,这小子机灵的很.菜上的很慢,特别的好,可是我们没话说,那伙人慢慢又大呼小叫起来了.福子送菜过来,也不说话放下就走,我就问:怎么了?有事?福子低声说:恩!他们是北通商号的!</p>
<p>&nbsp;<wbr>
北通商号我知道,开的是商号却不做商家生意,掌柜的叫荆立虎,他大部分做商户间的争斗买卖,原先的商户就是这样,为了竞争,总花些钱找武馆的人做一些手脚压制对方,这种生意一般武馆都不理,有也是馆子底下人私自打了武馆的旗号来赚外快,可要是真出了事,武馆为了自己的名声,也还是要管的.</p>
<p>&nbsp;<wbr> 我说:吃饭吧!你七爷爷恩了一声.</p>
<p>
&nbsp;<wbr>福子送了八个馍馍上来,说:七伯,掌柜的叫我问问这事您给帮个忙!七弟看了我一眼,我说:我们是路过,叫你掌柜的办吧,再说也与你无关!我的意思是,他们不是冲福子来的,我们犯不上与无赖搅和.我笑了笑指着福子的前襟又说:你七伯想来看看你,看来很扫兴,好好做功课哦!福子低下头没再说话.</p>
<p>&nbsp;<wbr> 饭几乎要吃完了,忽然就有了事!</p>
<p>&nbsp;<wbr>
你七爷爷身后的一个胖子也不知是故意的还是因为喝的太多,忽然他的座位一歪就倒在了你七爷爷的身上,你七爷爷的伤臂正好磕在了桌沿上,七弟""嗷""的一声站了起来,骂了句:你眼瞎了?!</p>
<p>&nbsp;<wbr>&nbsp;<wbr>
我怎么也没想到会有这种情况,一个步子跨过了板凳就隔在了你七爷爷与汉子们的中间,我一米八二的个头在这群大个中间似乎也不突出,况且离的还是这么近!好虎也怕一群狼啊!</p>
<p>&nbsp;<wbr>
你七爷爷身法就是快!侧身一冲,带倒凳子绕过我的右侧,用左手直拍一个离我最近的高个肩胛骨,大喝一声:坐下!我则顺脚向左,出脚刚好点在一个瘦子的膝盖处,几乎同时,两个离我们最近的汉子倒地坐下,这下,其余几个人下意识都退了一步.我赶紧抱拳说:误会误会!我七弟的胳膊有伤,你们碰到他的伤了!这时你七爷爷那手还在那人的肩上压着,眼瞪的象是铜铃,你七爷爷身架大,精神足,大伙就停了.</p>
<p>&nbsp;<wbr>
我与你七爷爷于是一前一后走出了门,边走边说:告诉荆立虎,我们是来看福子的,哑巴七与张木匠不是成心与他过不去,是你们伤了老七的胳膊才有这一出,都是误会.</p>
<p>&nbsp;<wbr>
你七爷爷头也没抬,话也不说,回到客栈,脱下褂子,就见好多的血都渗了出来,你七爷爷又骂了:娘的!碰上这帮鬼孙子!我也苦笑不得!</p>
<p>&nbsp;<wbr> 后来听说会宾楼和福子都相安无事,只是那桌子酒钱没结!</p>
<p>&nbsp;<wbr> 你知道福子是谁么?就是常来咱家的马福堂,人都叫他马师爷啊,这小子你七爷爷没看错!</p>"
"绝世武功：博友之书，未名是真心","http://blog.sina.com.cn/s/blog_5d9eeb970100dq83.html","绝世武功：博友之书，未名是真心","(2009-06-13 15:50:29)","<a href=""http://photo.blog.sina.com.cn/showpic.html#blogid=5d9eeb970100dq83&amp;url=http://s4.sinaimg.cn/orignal/5d9eeb97t6c3637234103&amp;690"" target=""_blank""><img src=""http://s4.sinaimg.cn/bmiddle/5d9eeb97t6c3637234103&amp;690"" real_src=""http://s4.sinaimg.cn/bmiddle/5d9eeb97t6c3637234103&amp;690"" alt=""绝世武功：博友之书，未名是真心"" title=""绝世武功：博友之书，未名是真心""></a>"
"开坛","http://blog.sina.com.cn/s/blog_5d9eeb970100bh2v.html","开坛","(2008-12-04 13:19:37)","此博客只与武功有关!莫论是非,莫谈国事!"
"武学与道教，佛教的关系！","http://blog.sina.com.cn/s/blog_5d9eeb970100czk0.html","武学与道教，佛教的关系！","(2009-04-23 09:04:21)","<p>武功与佛，道，密不可分。先说武术的大体渊源！</p>
<p>&nbsp;<wbr>&nbsp;<wbr>&nbsp;<wbr>
武术最初产于道教，无可非议，因为道教是我国本土文化。</p>
<p>&nbsp;<wbr>&nbsp;<wbr>&nbsp;<wbr>
佛教为舶来品，可是目的都是关于生命的探究！此为一！当然，目的地都是一个！‘永存’，这样，道佛本为一体，叫法不同！南师有时也糊涂，说来说去的法子，最后自己也说不清那是佛教的，那是道教的东西，要说究竟的话，佛教很有底气，跳出三界外，不在五行中，旁门左道就不行了，在天上住些时日，福德完了还要再下来，看看吧，转来转去，就是转不出来了。</p>
<p>&nbsp;<wbr>&nbsp;<wbr>&nbsp;<wbr>
道教多为修士，异人！与乡野，市井多有距离，故传承及修炼之法一般不会流于乡野，即使现在，也是如此，大行其道就难喽，但，现在也有智者在努力显于世俗，以期有益众生，此乃盛事！</p>
<p>&nbsp;<wbr>&nbsp;<wbr>&nbsp;<wbr>
佛教的兴盛，有其历史原因，在唐朝，以佛为‘大’，武则天掌权也利用了佛教手段，可见佛教深入人心！鉴于唐朝的繁荣昌盛在历史中的影响，故，现在兴盛也就理所当然！</p>
<p>&nbsp;<wbr>&nbsp;<wbr>&nbsp;<wbr>
再。道教修为，复杂多变，非常人可以为之！相比，佛教修为“简单的多”，有人烦恼了，看看自心，静一下就了了，看看别人，树面镜子就可以了，简单得很。</p>
<p>&nbsp;<wbr>&nbsp;<wbr>&nbsp;<wbr>
现在说武术，武术本来为道家所创，可见其根源与道家修为密不可分。</p>
<p>
&nbsp;<wbr>&nbsp;<wbr>&nbsp;<wbr>&nbsp;<wbr>
我们武者，只是在利用武术这么一种，佛道修为万千道路中的一种方法找“永存”！就是说，到达一个目的地，有坐车的，有渡船的，有坐飞机的。。。。不尽相同，这就是修为有苦行僧，有闭关坐禅的，有在艺术中熏陶而就的，还有一个济公活佛！</p>
<p>
&nbsp;<wbr>&nbsp;<wbr>&nbsp;<wbr>&nbsp;<wbr>
但是，都是，戒，定，慧！</p>
<p>
&nbsp;<wbr>&nbsp;<wbr>&nbsp;<wbr>&nbsp;<wbr>
所以，我们武者要知道武术只是修行中的一个道具而已，至于可以搏击，可以有无尽的神通，那都是修为中的枝节，你在生活中顺势用了一下而已！这不是大道哦！要知道这个道理，所以，我推荐：</p>
<p>
&nbsp;<wbr>&nbsp;<wbr>&nbsp;<wbr>&nbsp;<wbr>
武者必看之经典！《金刚经》《坛经》！，你要是喜欢，小乘，大乘，这个那个，一路看下去，就不要练武了，这才是究竟法。</p>
<p>
&nbsp;<wbr>&nbsp;<wbr>&nbsp;<wbr>&nbsp;<wbr>
为什么不推荐道教经典呢？《道德经》《阴符经》不是很好么？是的！</p>
<p>&nbsp;<wbr>&nbsp;<wbr>&nbsp;<wbr>
可家师以为：道教修为相比佛家对世人有些生涩，因为他的门规极严！没有缘分很难进门！至于内丹，外丹，很易把人弄乱，没有名师可以说不可能修炼！</p>
<p>
&nbsp;<wbr>&nbsp;<wbr>&nbsp;<wbr>&nbsp;<wbr>
所以极力告诫武者要研读佛经，是因为佛经可以教你通晓什么是“气沉丹田”什么是“心意合一”在佛家这是最平常不过的事情，在武者却是很难弄懂的事情！</p>
<p>
&nbsp;<wbr>&nbsp;<wbr>&nbsp;<wbr>&nbsp;<wbr>&nbsp;<wbr>我这里说一句不合理的话，说不合理，是因为我把武术放在了主体，这是不合理的！</p>
<p>
&nbsp;<wbr>&nbsp;<wbr>&nbsp;<wbr>&nbsp;<wbr>
“要练武需知佛经之要义”！此为武者之大“道”！加“”说明道家也一样之伟大！</p>
<p>
&nbsp;<wbr>&nbsp;<wbr>&nbsp;<wbr>重申：武术来源于道教，所以，可以这么理解，武术是修道的一个枝节！引申为，练武就是修道的一</p>
<p>
&nbsp;<wbr>&nbsp;<wbr>&nbsp;<wbr>&nbsp;<wbr>&nbsp;<wbr>&nbsp;<wbr>&nbsp;<wbr>&nbsp;<wbr>
种途径，所以道教中的要义在武学修炼中是适用的！</p>
<p>
&nbsp;<wbr>&nbsp;<wbr>&nbsp;<wbr>重申：道教与佛教，叫法不同，宗旨唯一！先这样说吧，仙人远着，一界也难跳啊。</p>
<p>
&nbsp;<wbr>&nbsp;<wbr>&nbsp;<wbr>&nbsp;<wbr>&nbsp;<wbr>&nbsp;<wbr>&nbsp;<wbr>&nbsp;<wbr>
故，武术也是佛教中修为的一个枝节，引申为，练武是修佛的一种途径，所有佛经中的要义在</p>
<p>
&nbsp;<wbr>&nbsp;<wbr>&nbsp;<wbr>&nbsp;<wbr>&nbsp;<wbr>&nbsp;<wbr>&nbsp;<wbr>&nbsp;<wbr>&nbsp;<wbr>武学修炼中也是适用的！</p>
<p>&nbsp;<wbr>&nbsp;<wbr>
重申：所说只是大体意思！旨为说明佛学可以使武者明了许多自己模糊不清的东西，使自己的身体及思</p>
<p>
&nbsp;<wbr>&nbsp;<wbr>&nbsp;<wbr>&nbsp;<wbr>&nbsp;<wbr>&nbsp;<wbr>&nbsp;<wbr>&nbsp;<wbr>
想更快的达到一种自己需要知道的武学东西，这种理论出处是我家师的训诫及我与我的的两个师</p>
<p>
&nbsp;<wbr>&nbsp;<wbr>&nbsp;<wbr>&nbsp;<wbr>&nbsp;<wbr>&nbsp;<wbr>&nbsp;<wbr>&nbsp;<wbr>
兄真实的实践得来的！</p>
<p>
&nbsp;<wbr>&nbsp;<wbr>事情原委：那时，家师平常总是训诫我，要看看佛学书刊，我不屑一顾，有一天，师兄在走桩，家师忽然笑了，叫我停住，说：你看你兄有什么变化了？我茫然！只是觉得其势忽更长，忽更短！幅度大了！家师说，你要问问他！私下未及我问，兄长就对我说，你要看书，也要打坐！我还是没有在意，这事过了一月之久，我的三师兄也忽然对我说，你要看经，也要坐禅！我不得不在书摊买了一本，之后，我过了两月，家师也笑了，说：知道伟大了？我点头！知道弹性了？我点头！还早呢！这就是家师的原话！</p>
<p>&nbsp;<wbr>&nbsp;<wbr>&nbsp;<wbr>
我也知道还早呢！这是经书告诉我的！</p>"
"绝世武功：动桩训练（五）","http://blog.sina.com.cn/s/blog_5d9eeb970100dmww.html","绝世武功：动桩训练（五）","(2009-06-06 06:20:38)","<p>
&nbsp;<wbr>&nbsp;<wbr>&nbsp;<wbr>&nbsp;<wbr>今天我们说说武学的大东西：五弓合一。</p>
<p>&nbsp;<wbr>&nbsp;<wbr>&nbsp;<wbr>
为什么这么隆重？为什么现在要说？到了点了。</p>
<p>
&nbsp;<wbr>&nbsp;<wbr>&nbsp;<wbr>&nbsp;<wbr>现在不说，我们前期的含胸拔背，气沉丹田，还有两腿的弹簧站立一时找不到一个整体连接，这样，是完全要不得的。我们上几期说的是身体的上，中，下三节的要点，似乎肢节还没有携及，这里说一下，先放在一边，我们先把上中下连起来再说，铁要趁热打，不然火候过了还要再费工夫。</p>
<p>&nbsp;<wbr>&nbsp;<wbr>&nbsp;<wbr>
五弓之说似乎出于蓄劲如张弓，这是说的结果，这就关系到一身备五弓的问题，这是势。就是武学的架势！无它。就没有拳了。</p>
<p>&nbsp;<wbr>&nbsp;<wbr>&nbsp;<wbr>
我们前期的上中下备要，是身法的五弓，说身法最初就是一个静桩的范围，我这里把它定义在动桩训练里其实是不合适的，可是，这五弓要不备，说动桩训练就完全没有意义了，这里有一个事物的联系问题，我们把武学训练这么分章取义其实是已经犯了一很大的错误，这是不合规律的做法，世之万物全都是牵丝不断的，是没有确实明确的界限的，所以，我的博客您要看了这篇练看那篇才是，不要断章取义，这里举个小例子来说说不连接的坏处，以前我说过训练的前提必须是在一个呼吸大体平静的基础上进行的！这样，这个前提您就必须要记得，而不是看了就看了，练的时候就忘了，这很重要！其一，因为，我们的内家拳术涉及范围很广，涉及的年龄体质也各不相同，尤其是太极拳，似乎老年人与病体缠身的人练的很多，这是太极拳的悲哀先不说。其二，又因为内家拳本身就是以意为先，不尚“大力”，这样，若是没有这样一个大的前提下，拳的本质不仅远离，而且年老体弱的练习者肯定会有不舒服，或是有一定的危险也有可能，这是最要不得的！于是就有学者曾经提出过，说我说的这个拳术不适合老年人练习，要叫我加上提醒方可，其实，这种善意实在是“善意”，也实在谢谢我们练拳者的有心，可是，我还是有些生气，生气的是武学是不能用这种思想来定义的当然也坚决不许随便乱改的，时下的拳已经都这样了，还想叫它怎样啊！看看时下的太极拳都成了什么样子了，以至于都成了一种以错为对的结果了，这也是我为文的主要原因！还有个生气，其实形成这种叫我提醒的想法，本身就是没有好好看我的博客才这样造成的，要是呼吸平静，何来的不适合？何来的危险？一个内家拳，伟大之处就是我们无可挑剔，这是容不得我们怀疑的祖先智慧的结晶，照做就是！我说过，我们练拳千万不要黒傻子掰棒子，掰了这个丢了那个，到头来，嘛也没有，这个没有是真没有，本山不是说？这个可以有！小沈阳不是也说？这个真没有！就在此！‘没有’这个词还有一个最高层次，就是什么也有以至于不去想也有，抬脚举手全都是无意识状态却全都是合理合法无可挑剔，这时，拥有这种状态的“人”就说：我什么也没有！真的，是什么也没有！这是佛祖曾经说过的意思！是大智慧！我们学不来，我们不能说。我们是应该嘛都有！这很重要！说了这么多题外话，您要记住，我不可能在每篇的片头再说要注意呼吸，注意弹簧，注意含胸拔背，注意，，，，，，，如此，这些个注意就是我每篇文章的连接了，您只要把这些一步步一点点连起来练起来用起来，那个‘真有’就来了，那个‘没有’也就可以说了！这些个注意也就没有了意义。</p>
<p>&nbsp;<wbr>&nbsp;<wbr>&nbsp;<wbr>
何必一次次的重复啊！因为我都说过了。</p>
<p>&nbsp;<wbr>&nbsp;<wbr>&nbsp;<wbr>
接着说“五弓”：上有两膊为两弓，指尖到肩尖，下有两腿为两弓，脚尖到大胯，主弓为躯干，大椎到尾椎。此为五弓！</p>
<p>
&nbsp;<wbr>&nbsp;<wbr>&nbsp;<wbr>&nbsp;<wbr>五弓者，一弓也！一弓张，四弓张，一弓合，四弓皆合。五弓一备，相怜相惜，牵一动百，节节贯穿，有上既有下，有前既有后，，，，，，，全都是对立与互相，蓄为合，为吸，发为开，为呼，一气呵成，一触即发也！</p>
<p>&nbsp;<wbr>&nbsp;<wbr> 待续</p>"
"绝世武功：花中之贵，荷者也。","http://blog.sina.com.cn/s/blog_5d9eeb970100dqrd.html","绝世武功：花中之贵，荷者也。","(2009-06-15 08:34:54)","<p><a href=""http://photo.blog.sina.com.cn/showpic.html#blogid=5d9eeb970100dqrd&amp;url=http://s11.sinaimg.cn/orignal/5d9eeb97t6c585112a7aa&amp;690"" target=""_blank""><img src=""http://s11.sinaimg.cn/bmiddle/5d9eeb97t6c585112a7aa&amp;690"" real_src=""http://s11.sinaimg.cn/bmiddle/5d9eeb97t6c585112a7aa&amp;690"" alt=""绝世武功：花中之贵，荷者也。"" title=""绝世武功：花中之贵，荷者也。""></a></p>
<p>荷美，花之灵，美者，淤泥不染也。</p>
<p>人贵，生之尊，尊者，应物大德也。</p>
<p>友——矢修斋主画荷明心，清灵不染尘。值得一看，下面是他的博客小舍<a href=""http://blog.sina.com.cn/u/1612079554"">http://blog.sina.com.cn/u/1612079554</a></p>
<p>赋诗一首以助兴致</p>
<p>清风拂面来</p>
<p>荷下鱼不解</p>
<p>满塘凉爽意</p>
<p>片片心舒怀</p>
<p>&nbsp;<wbr></p>"
"绝世武功：书拳释道系列","http://blog.sina.com.cn/s/blog_5d9eeb970100drnd.html","绝世武功：书拳释道系列","(2009-06-17 08:40:44)","<p><a href=""http://photo.blog.sina.com.cn/showpic.html#blogid=5d9eeb970100drnd&amp;url=http://s9.sinaimg.cn/orignal/5d9eeb97t6c808f5bce78&amp;690"" target=""_blank""><img src=""http://s9.sinaimg.cn/bmiddle/5d9eeb97t6c808f5bce78&amp;690"" real_src=""http://s9.sinaimg.cn/bmiddle/5d9eeb97t6c808f5bce78&amp;690"" alt=""绝世武功：书拳释道系列"" title=""绝世武功：书拳释道系列""></a></p>
<p>先生清秀高古，若论武，应是剑侠。</p>
<p>先生徐智明，号清凉山人。为医也为艺，皆有成绩，可见其通达智高。</p>
<p>与先生缘于网络交，相见恨晚，今先生为我所“迫”，书拳撩剑，剑势清高。</p>
<p><span>赋：<br>
沧海一声笑</span></p>
<p><span>雪片如席，势如刀，</span></p>
<p><span><span>万象弥蒙，剑搅青龙舞苍穹，气贯长虹。</span></span></p>
<p><span><span>静若山，动如海，翻江倒海任自在。</span></span></p>
<p><span><span>一撇傲群雄。</span></span></p>
<p><span><span>下面是先生的雅舍，可以小坐谈天，书拳论剑。<a href=""http://blog.sina.com.cn/u/1550437912"">http://blog.sina.com.cn/u/1550437912</a></span></span></p>
<p><span><span>再谢先生百忙而不弃。</span></span></p>"
"独家爆料:练习内家拳真功你必须知…","http://blog.sina.com.cn/s/blog_5d9eeb970100bi57.html","独家爆料:练习内家拳真功你必须知道的东西","(2008-12-07 13:38:23)","<p>此文仅献给痴迷却不知“武”为何物的洗练者！</p>
<p>一.""松""是练内家拳劲的一种形式,但不是唯一的方法!</p>
<p>
二.""意""是内家拳劲必须的东西,最重要的练法,缺""意""就是单纯的力量的训练.此为""学拳容易改拳难"",谨记!三.""丹田""是代号而已,不可执迷不悟!确切说,是“古人在未知神经系统,屈伸肌之前一种模糊的粗浅认识而</p>
<p>&nbsp;<wbr>&nbsp;<wbr>&nbsp;<wbr>
做出的一种模糊的定位名称”,其本质只是交感神经支配屈伸肌群的能力而已,能力越大,我们就说丹田</p>
<p>&nbsp;<wbr>&nbsp;<wbr>&nbsp;<wbr>
越足,当然这只是它的主要方面,也还包括肌肉本身的力量能力,望习武者深思!</p>
<p>四.""阴阳""也是代号而已.最起码功夫初期是这样的,确切说对武者是指身体肌肉的两面性,我们人体所有动作</p>
<p>&nbsp;<wbr>&nbsp;<wbr>&nbsp;<wbr>
的产生就是主动肌与拮抗肌收缩或伸张相互作用产生的结果,譬如,握拳的动作,本身是掌心的主动肌收</p>
<p>&nbsp;<wbr>&nbsp;<wbr>&nbsp;<wbr>
缩(阴),掌背的伸张肌伸展(阳),在同时作用骨骼而产生握拳的这个结果.可是,人类的成长却退化了辅助</p>
<p>&nbsp;<wbr>&nbsp;<wbr>&nbsp;<wbr>
方的主动,大力加强了主动方的作用,于是,神经系统也慢慢削弱了对辅助肌的细致支配,以获得一种适合</p>
<p>&nbsp;<wbr>&nbsp;<wbr>&nbsp;<wbr>
人类进化的单向的独特省力运动方式,可是,这就是我们内家功夫的天敌,即为阴阳不均!</p>
<p>五,所谓""圆"",最初，就是神经系统支配两面肌肉的能力,重新增强与扩大达到""收""与""展""平衡,自然自如的</p>
<p>&nbsp;<wbr>&nbsp;<wbr>
真我状态,以期更加协调省力,无论传导出击平衡达到最佳,此为""圆""的建立,当然,肌肉的收缩力量的大小</p>
<p>&nbsp;<wbr>&nbsp;<wbr> 也是功力的组成关键.</p>
<p>六,""松沉""是肌肉收缩扩张时神经感知系统所带来的感知觉，是人体感知自己异与常态后所传达的一种自我</p>
<p>&nbsp;<wbr>&nbsp;<wbr>&nbsp;<wbr>
相状,""沉""只是感觉,只是肌肉参与运动数量增多的关系,因为理论上它未曾增加也未曾减少,当然有细微</p>
<p>&nbsp;<wbr>&nbsp;<wbr>&nbsp;<wbr>
的改变,相应,速度与力量在肌肉更多参与的基础上更加增大也是理所当然的了.</p>
<p>七,神经,肌肉,骨骼,,,,生理一系列的变化都是必然的,无我相,即为脱胎换骨,最后自然而然,出手即为招,当</p>
<p>&nbsp;<wbr>&nbsp;<wbr> 然,这还要有一个科学的系统的强化过程!!!!</p>
<p>&nbsp;<wbr>&nbsp;<wbr> 给我加精哦,我会道破天机!!!!!!!</p>
<p>&nbsp;<wbr></p>"
"敬请注意","http://blog.sina.com.cn/s/blog_5d9eeb970100cyb9.html","敬请注意","(2009-04-22 08:26:01)","<p>本博客旨为痴恋拳术数年而未入门者而设！</p>
<p>&nbsp;<wbr>&nbsp;<wbr>&nbsp;<wbr>
故为了使广大痴迷者，“思想里”以及“身体”里能够“知道”武术的真东西，所以诉说用了几近通俗的语言及术语，这样，在学术上可能会有精细的差别，望看到这种诉说而怀有无稽之谈思想的智者不要计较，你只要知道“我所说的东西”与你所“精炼准确的东西”一样就行了！不可做无谓的“真”，“假”之分。家师训诫，传授就是要使被授者懂得授者的意思，至于语言只是利用的工具而已，故家师总是用家常之语授精深之事，我总是一听就懂，正与佛祖与六祖，话不一样，意思唯一，这样“懂”便是一切，不要固执己见！</p>
<p>&nbsp;<wbr>&nbsp;<wbr>&nbsp;<wbr>
当然，若我的所说确有误导痴迷者入门与精进的东西存在，请智者指出与改进！那将是我与大家的缘分与大幸，与你也是一种福德！</p>"
"绝世武功：书拳释道","http://blog.sina.com.cn/s/blog_5d9eeb970100dr6v.html","绝世武功：书拳释道","(2009-06-16 05:57:14)","<p><a href=""http://photo.blog.sina.com.cn/showpic.html#blogid=5d9eeb970100dr6v&amp;url=http://s9.sinaimg.cn/orignal/5d9eeb97t6c6a29062df8&amp;690"" target=""_blank""><img src=""http://simg.sinajs.cn/blog7style/images/common/sg_trans.gif"" real_src=""http://s9.sinaimg.cn/bmiddle/5d9eeb97t6c6a29062df8&amp;690"" alt=""绝世武功：书拳释道"" title=""绝世武功：书拳释道""></a><a href=""http://photo.blog.sina.com.cn/showpic.html#blogid=5d9eeb970100dr6v&amp;url=http://s6.sinaimg.cn/orignal/5d9eeb97t713dd111a645&amp;690"" target=""_blank""><img src=""http://simg.sinajs.cn/blog7style/images/common/sg_trans.gif"" real_src=""http://s6.sinaimg.cn/bmiddle/5d9eeb97t713dd111a645&amp;690"" alt=""绝世武功：书拳释道"" title=""绝世武功：书拳释道""></a></p>
<p>先生为人师，骄傲。</p>
<p>先生本是画家，泼墨淡言，掷地有声。</p>
<p>此地是先生小舍，贴出来供友小坐，可舒心，也振奋。<a href=""http://blog.sina.com.cn/u/1269292042"">http://blog.sina.com.cn/u/1269292042</a></p>"
"说武论道","http://blog.sina.com.cn/s/blog_5d9eeb970100d5qb.html","说武论道","(2009-04-30 09:33:41)","<p>
&nbsp;<wbr>&nbsp;<wbr>&nbsp;<wbr>&nbsp;<wbr>&nbsp;<wbr>家师平常""无事无为""，可他总是说，我的这“以后”就是：吃喝了！可是我离不开“你们”，你们是我的“道场”！其它的我顾及不了，这就叫有始有终吧？说这“有始有终”时，家师总是看看每个人的眼！我知道他的意思，可是很多的师兄总是茫然，也有大喊的，牛师弟性动，总是无所顾忌，这时就会伸长了脖子叫：“是这样”！师傅就笑，我们也笑！</p>
<p>
&nbsp;<wbr>&nbsp;<wbr>&nbsp;<wbr>&nbsp;<wbr>家师说先人学武很是鲁莽，一般都是憋了一股子气！于是，他就说起自己的经历，那时，在十五岁的时候，家里因为与邻舍闹矛盾，起了争斗，都流了血，家师说，父亲尽管诚善，可是说话鲁莽，这是父亲的不对，人都是这样，“有恃无恐”也是祸首！这是后来自己才慢慢知道的！那时，父亲因此断了一条右腿，于是，为了家恨与生活的艰辛，父亲把我交给了一位道士！</p>
<p>&nbsp;<wbr>&nbsp;<wbr>&nbsp;<wbr>
道士很犹豫，在我家住了有三天，他说：收也不是，不收也不是！最后说，看造化吧！这样我有了第一个师傅！这位老师只是把我带出了家门，不久就把我“扔”在了北京，师父说，你是练武的好料，可我不能教你！于是，我留在了一个饭庄当了一个杂工，一混就是2年！期间父母来看了我两次，师傅回来了四次，我回家了两次！很奇怪，在我回家的第二次时，邻居的张伯竟然也来看我了，从此,我们两家也就言归于好.</p>
<p>&nbsp;<wbr>&nbsp;<wbr>&nbsp;<wbr>
闲暇时,我总是问我们的掌柜,师傅会武功么?掌柜说不知!我说你会么?掌柜这时总会抱抱自己的大肚子说:你看像么?我就笑,心说:是啊,站都费劲!</p>
<p>&nbsp;<wbr>&nbsp;<wbr>&nbsp;<wbr>
我干活很卖力,其实,在家的劳顿与贫穷与现在的杂工确实已经有了天壤之别,而且还有我想都不敢想的残肴吃,我每天干的喜不自胜,只是空闲时才想起父亲的断腿与母亲的劳累才使我又想起功夫的事情!</p>
<p>
&nbsp;<wbr>&nbsp;<wbr>&nbsp;<wbr>&nbsp;<wbr>人都说,学武要站三年桩,我倒好,干了2年活还没看到桩在哪里!</p>
<p>&nbsp;<wbr>&nbsp;<wbr>&nbsp;<wbr>
家师这时说,路对了,什么都是顺其自然,不亢奋,不气馁,这就叫,勿忘勿助!</p>
<p>&nbsp;<wbr>&nbsp;<wbr>&nbsp;<wbr>
家师接着说:后来,师傅告诉我,若是不解了你的心结,你会出大事情的!这时我才知道在张伯主动来我家之前,师傅他老人家""威吓""了他!现在,老家还有他的故事在说,什么道士不吃鸡,吃鸡不费力,那很自然,师傅善剑,一弯腰能捉4只鸡在常人的眼里就成了仙人了!</p>
<p>
&nbsp;<wbr>&nbsp;<wbr>&nbsp;<wbr>&nbsp;<wbr>我的第一位老师,是我最感激的老师,他最多的是在教育了我的武道!这与他的道家修为密不可分,他说,武者,道之技也!可谓一语中的!</p>
<p>&nbsp;<wbr>&nbsp;<wbr>&nbsp;<wbr>
家师说,世之万物,千丝万缕,可是全都井然有序,我们学武之人,必仁,义,德,信,智兼修,才可大成,才可有意,故门规戒律不可熟视无睹!我们都知道道教门人戒持繁多,好似有些东西在哗众取宠以示特别,其实不然,我们大家众人,大多都是愚钝而且自以为是众多,总是在自己的思想里做自己以为努力的事情,其实,恰恰是这种""努力""在使我们的目标远离,以至使我们的心思繁杂,怨天尤人,譬如,到达一个目的地,我们众人总是在走的过程中重在""目的地""的猜想,以至于脚步踉跄,更有甚者连脚底的石头,洼坑都因为自己对""目的地""的思想执着而无睹!当然,摔跟头势在必然,这时,众人都会说,今天真是倒霉!!所以。门规戒律就是我们俗人的引路灯！五牛?你说是这样么?牛师弟行五,家师总是这么叫他,这时,牛师弟没说话,只是点了点头,家师说,很好!!!!众师弟都回了头奇怪的看""奇怪""的牛今天怎么了?家师说,五牛最近很好,你们要跟他学学!</p>
<p>
&nbsp;<wbr>&nbsp;<wbr>&nbsp;<wbr>&nbsp;<wbr>家师说,心想事成不容易,想想就能成了?不是大家想的这样的,好多的思想家,都是想出来许多的成绩,其实不是的,他是做出来的,只是在做的时候我们没看见罢了,说的时候恰恰就是结果了,我们武者也是,他在练的时候我们没有看到,他在做""松""这个结果的时候我们却看到了,这就是说武者的""松""已经是武者的一个结果了,可是,我们能用结果来""修炼""么?这不是我曾经讲过的与到达目的地的事情一个道理么?所以。有些事情都是两面性，我们俗人不好鉴别，这时，家师住下了声音,看了一眼牛师弟,牛师弟又伸长了脖子叫了一声:""是这样""!在笑声里,家师说:很好!你们要好好学学五牛!</p>
<p>
&nbsp;<wbr>&nbsp;<wbr>&nbsp;<wbr>&nbsp;<wbr>很多师弟都茫然了,,,,.........</p>
<p>&nbsp;<wbr>&nbsp;<wbr>&nbsp;<wbr>
家师说：要以武者论，五牛的三次说话就是三个层次！可是几个师弟谁能看到呢？！！！！！</p>
<p>
&nbsp;<wbr>&nbsp;<wbr>&nbsp;<wbr>&nbsp;<wbr>&nbsp;<wbr>&nbsp;<wbr>&nbsp;<wbr>&nbsp;<wbr>&nbsp;<wbr>&nbsp;<wbr>&nbsp;<wbr>
我知道你们会说，你们都看到了，可是，几个师弟谁能看到我们武者需要看到的东西呢？！</p>
<p>
&nbsp;<wbr>&nbsp;<wbr>&nbsp;<wbr>&nbsp;<wbr>&nbsp;<wbr>&nbsp;<wbr>&nbsp;<wbr>&nbsp;<wbr>&nbsp;<wbr>&nbsp;<wbr>&nbsp;<wbr></p>
<p>&nbsp;<wbr>&nbsp;<wbr>&nbsp;<wbr></p>"
"绝世武功：书拳释道","http://blog.sina.com.cn/s/blog_5d9eeb970100drgp.html","绝世武功：书拳释道","(2009-06-16 16:32:23)","<p><a href=""http://photo.blog.sina.com.cn/showpic.html#blogid=5d9eeb970100drgp&amp;url=http://s7.sinaimg.cn/orignal/5d9eeb97t6c730828d946&amp;690"" target=""_blank""><img src=""http://s7.sinaimg.cn/bmiddle/5d9eeb97t6c730828d946&amp;690"" real_src=""http://s7.sinaimg.cn/bmiddle/5d9eeb97t6c730828d946&amp;690"" alt=""绝世武功：书拳释道"" title=""绝世武功：书拳释道""></a></p>
<p>先生郭春兴，号草根堂主人，以文化为主业，创草根堂文化工作室。</p>
<p>先生是杂学，肩负重任，为文化操劳只取一瓢饮，当敬重。为商，似有奸嫌，为正商者，大德利民也。</p>
<p>下面是先生的网络道场，可以观之一正，<a href=""http://blog.sina.com.cn/u/1217950052"">http://blog.sina.com.cn/u/1217950052</a></p>
<p>
先生正在忙碌，却与匆匆中寄我一陌生人大书艺术，当中几次询问我的想法与要求，我心下惭愧，而这惭愧在于先生是做无功之劳形，我得到的学到的真的是太多了，这样，我只有更加严谨简练的书写我的练功武学，以期来学先生的样子，只有这样了。当然更希望先生也来运动运动这个闲事，这样，为民为己也是一大幸事。祝先生健达无碍。</p>
<p><a href=""http://photo.blog.sina.com.cn/showpic.html#blogid=5d9eeb970100drgp&amp;url=http://s12.sinaimg.cn/orignal/5d9eeb97t72b7cfac5edb&amp;690"" target=""_blank""><img src=""http://s12.sinaimg.cn/bmiddle/5d9eeb97t72b7cfac5edb&amp;690"" real_src=""http://s12.sinaimg.cn/bmiddle/5d9eeb97t72b7cfac5edb&amp;690"" alt=""绝世武功：书拳释道"" title=""绝世武功：书拳释道""></a></p>
<p>
先生近来有书，很入眼，可见先生乃是酬勤之士，可说之事是因为先生日行千里，虽是商人却是旅者，真不知先生哪里来的一个坐下，当是楷模，行立坐卧井然有序也,做人最怕这么严谨。</p>"
"绝世武功之动功身法：往复须折叠  …","http://blog.sina.com.cn/s/blog_5d9eeb970100dpo3.html","绝世武功之动功身法：往复须折叠  进退必转换（一）","(2009-06-12 08:59:58)","<p>&nbsp;<wbr>&nbsp;<wbr>&nbsp;<wbr>
看拳论我们总是会频繁看到这句话：往复须有折叠&nbsp;<wbr> 进退须在转换。可见这句话在拳学中的分量。</p>
<p>&nbsp;<wbr>&nbsp;<wbr>&nbsp;<wbr>
有时，闲来去公园或是广场，看大家自在的漫游太极，也静听他们的言论，虫鸣蛙沸很是热闹，这是百家争鸣的意思。</p>
<p>
&nbsp;<wbr>&nbsp;<wbr>&nbsp;<wbr>&nbsp;<wbr>说一个真事，有次，我无意听到了一位练家在教他的弟子，说的就是这个折叠的问题，不由停下来看，弟子正好恭敬地问：老师，那个往复折叠是怎么回事？老师不假思索：这个很重要，你看，在走架当中，我们做过了这个白鹤晾翅的尾再做这个斜形的头时，这中间就要有个连接，这个连接就是折叠，就像拳论说的，要往上必先上下，要往前必先往后，一边说着一边就做起那个折叠的连接之优美形态，听了这话，我真想给他两耳刮子，可是没道理啊，我只能一走了之。他们练的是陈氏太极，这是我回来查过才知道的。</p>
<p>
&nbsp;<wbr>&nbsp;<wbr>&nbsp;<wbr>&nbsp;<wbr>这是我写博客的主要原因。</p>
<p>&nbsp;<wbr>&nbsp;<wbr>&nbsp;<wbr>
时下练太极的非常之多，可是离太极实在是很远很远，从我在网络的视频中也看出太极的偏离已经非常之严重，倒是那些八极，形意，通背，八卦等拳种还多少没有走偏斜，真应了一句老话：太极奸，八卦滑，最毒不过心意把，妙极了，怎么看都很合理。</p>
<p>&nbsp;<wbr>&nbsp;<wbr>&nbsp;<wbr>
还来看看这个折叠之妙吧，尽管这一句话范围很广，我还是想拆拆说说看看，以期给读者一个认识，使我们以后的动桩学习能够容易些。</p>
<p>&nbsp;<wbr>&nbsp;<wbr>&nbsp;<wbr> 何谓折叠？</p>
<p>&nbsp;<wbr>&nbsp;<wbr>&nbsp;<wbr> 把<a href=""http://baike.baidu.com/view/35677.htm"" target=""_blank"">物体</a>的一部分折过来与另一部分挨在<a href=""http://baike.baidu.com/view/204355.htm"" target=""_blank"">一起</a>。譬如，把印好的书页折叠<a href=""http://baike.baidu.com/view/929119.htm"" target=""_blank"">起来</a>以便<a href=""http://baike.baidu.com/view/638297.htm"" target=""_blank"">装订</a>。这是百度百科的解释，已近一目了然了。</p>
<p><a href=""http://photo.blog.sina.com.cn/showpic.html#blogid=5d9eeb970100dpo3&amp;url=http://s8.sinaimg.cn/orignal/5d9eeb97t6c219bfbc9a7&amp;690"" target=""_blank""><img src=""http://s8.sinaimg.cn/bmiddle/5d9eeb97t6c219bfbc9a7&amp;690"" real_src=""http://s8.sinaimg.cn/bmiddle/5d9eeb97t6c219bfbc9a7&amp;690"" alt=""绝世武功之动功身法：往复须折叠&nbsp;<wbr>&nbsp;<wbr>进退必转换（一）"" title=""绝世武功之动功身法：往复须折叠&nbsp;<wbr>&nbsp;<wbr>进退必转换（一）""></a></p>
<p>这个图片就是折叠，可是折多叠少。</p>
<p><a href=""http://photo.blog.sina.com.cn/showpic.html#blogid=5d9eeb970100dpo3&amp;url=http://s10.sinaimg.cn/orignal/5d9eeb97t7136893d5d39&amp;690"" target=""_blank""><img src=""http://s10.sinaimg.cn/bmiddle/5d9eeb97t7136893d5d39&amp;690"" real_src=""http://s10.sinaimg.cn/bmiddle/5d9eeb97t7136893d5d39&amp;690"" alt=""绝世武功之动功身法：往复须折叠&nbsp;<wbr>&nbsp;<wbr>进退必转换（一）"" title=""绝世武功之动功身法：往复须折叠&nbsp;<wbr>&nbsp;<wbr>进退必转换（一）""></a></p>
<p>这是未折未叠木头人。</p>
<p><a href=""http://photo.blog.sina.com.cn/showpic.html#blogid=5d9eeb970100dpo3&amp;url=http://s14.sinaimg.cn/orignal/5d9eeb97t6c218908eb6d&amp;690"" target=""_blank""><img src=""http://s14.sinaimg.cn/bmiddle/5d9eeb97t6c218908eb6d&amp;690"" real_src=""http://s14.sinaimg.cn/bmiddle/5d9eeb97t6c218908eb6d&amp;690"" alt=""绝世武功之动功身法：往复须折叠&nbsp;<wbr>&nbsp;<wbr>进退必转换（一）"" title=""绝世武功之动功身法：往复须折叠&nbsp;<wbr>&nbsp;<wbr>进退必转换（一）""></a></p>
<p>
这是运动中也折也叠的木头人，可见，人体关节处若曲则折，若折则叠也。折即叠，折为曲直形态，直线方向改变则折，叠为曲直大小，直线180度改变大小度数也。此为木头人折叠解，木者，无情无义不动之状，与人千差万别。由木人及活人，形同质有别。望辩。</p>
<p>&nbsp;<wbr>&nbsp;<wbr> 待续</p>"
"怎样快速找到“劲”源","http://blog.sina.com.cn/s/blog_5d9eeb970100curo.html","怎样快速找到“劲”源","(2009-04-17 09:26:25)","<p>&nbsp;<wbr>佛法普照，广撒善缘，遵照师训，惠泽世人 ！</p>
<p>&nbsp;<wbr>&nbsp;<wbr>&nbsp;<wbr>
近来看许多的书刊，视频，我不知我们的老师是含了怎样的一个形态，对于其传授好像总是在周旋，使我们的内家功夫弄得更加的高深莫测，这实在不是我们先祖的本意！</p>
<p>&nbsp;<wbr>&nbsp;<wbr>&nbsp;<wbr>
当然，这里面好像有师傅自己的看法在，觉得恐落入恶人手中遗祸于世，大可不必！</p>
<p>&nbsp;<wbr>&nbsp;<wbr>&nbsp;<wbr>
师傅精心挑选的徒弟也在祸害人事的举不胜举，什么都在变化中，没有预料性，譬如，弹药，正因为有众多的可能性难道我们就不能研制它的先进么？这是俗人愚钝的一面性！</p>
<p>&nbsp;<wbr>&nbsp;<wbr>&nbsp;<wbr>
我碰到过这样的询问者，他是一位特警，也是一位武痴，在我家师广泛授徒的时候，他来质问我，因为我是师傅授权的操作者，他来问我，何谓“武道”？他说，他是警察，他的意思是，这样茫然收徒不分老幼贵贱，不分忠厚善良，若是为恶者得之，岂不给他们增加了负担？我说，你是警察，你们当中也不乏犯罪者，那岂不是与社会为恶更甚？难道能够增加道德鉴别的关口么？即使有关口，可是“罪恶”是什么样子呢？他于是没有说话！后来的交往中，是我把他拒之于门外！他自以为他是智者，他自以为好东西应该是他这样的智者独享，他把别人都看成了傻子！</p>
<p>
&nbsp;<wbr>&nbsp;<wbr>&nbsp;<wbr>&nbsp;<wbr>
智者是明心见性，正如师傅所言，不是看不到，只是不能说！</p>
<p>
&nbsp;<wbr>&nbsp;<wbr>&nbsp;<wbr>&nbsp;<wbr>
说多了，偏题了，我们的博文是怎样快速找到劲源！</p>
<p>
&nbsp;<wbr>&nbsp;<wbr>&nbsp;<wbr>&nbsp;<wbr>
时下练武者，广泛普及的还是太极为最，我们就以太极为例，家师也是这样授徒的，尽管这似乎不是他的传承，他说，哪个普及哪个好，都一样！</p>
<p>
&nbsp;<wbr>&nbsp;<wbr>&nbsp;<wbr>&nbsp;<wbr>
师说，这里我借用佛教口吻，以示真诚，不是胡说！</p>
<p>
&nbsp;<wbr>&nbsp;<wbr>&nbsp;<wbr>&nbsp;<wbr>
师说，学拳，要知道学拳的步骤，不可眉毛胡子一把抓，不可在底层做中层的事，那是妄想，不是不可，是白搭！</p>
<p>
&nbsp;<wbr>&nbsp;<wbr>&nbsp;<wbr>&nbsp;<wbr>
家师说了一个事情：不会飞纵的人，叫他捉蝴蝶，捉花丛招展的蝴蝶，你的身法怎么的正确，你的外形怎么的好看，没用！也许能碰巧，可那是傻猫死耗子的事情！</p>
<p>
&nbsp;<wbr>&nbsp;<wbr>&nbsp;<wbr>&nbsp;<wbr>
说太极，老师一上来都说要虚灵顶劲，师说那是傻谈，虚灵顶劲是已经有“劲”了，这在初学者就是越级！你硬要他这样做，那就是叫他犯错，他只会做外形，把脖子绷起来了，我说初学不是虚灵顶劲的问题，不是身架中正的问题，是意识怎么集中的问题！是怎样快速找到劲源的问题！</p>
<p>
&nbsp;<wbr>&nbsp;<wbr>&nbsp;<wbr>&nbsp;<wbr>
意为先！这是所有内家拳的灵魂！当然，我们是偷了佛，道的法子！</p>
<p>
&nbsp;<wbr>&nbsp;<wbr>&nbsp;<wbr>&nbsp;<wbr>
当然，不管杨，陈，吴。。。。各式都快速的打下来再说，《我们用平常的普遍练法说“劲”》切忌，在学套路之前一定要知道不可用力，就是在无力的状态下把套路乱熟于心！</p>
<p>
&nbsp;<wbr>&nbsp;<wbr>&nbsp;<wbr>&nbsp;<wbr>然后，这个就是重要的关键了，走架时一定要平心静气，不可用音乐，不可在人多杂乱之处，把思想拉到自己的动作运行中，不用一点力气，慢慢的慢慢的动起来，当思想外驰时赶紧把它拉过来，怎么拉？眼观鼻，鼻观心，顺势把意念定在腹部《所谓的丹田》，然后再走起来！就这样周而复始，外驰拉回，外驰拉回，这就是“戒”！</p>
<p>
&nbsp;<wbr>&nbsp;<wbr>&nbsp;<wbr>&nbsp;<wbr>
感觉好的，表皮不久就会有麻。涨感觉，动作也有飘飘然以及自己无意识运行的诸多现象，这就是“劲”的初端！但切记这不是太极拳的如风摆柳！</p>
<p>
&nbsp;<wbr>&nbsp;<wbr>&nbsp;<wbr>&nbsp;<wbr>
在这里家师把它叫做“功的表象”但不是坏事，可以说功沾身了。</p>
<p>
&nbsp;<wbr>&nbsp;<wbr>&nbsp;<wbr>&nbsp;<wbr>
值得注意的是，这里有一个最主要的问题就是我们内家拳的问题：在我们走架动作的时候，我们都是用上身带动下身来动作，这是最大的错误，应该是仔细体会用下身的蹬力来“摧”动身体的进后退步与左右的动作&nbsp;<wbr>，这样才能慢慢体会力下沉，意不外驰，等最初的入门功夫！</p>
<p>
&nbsp;<wbr>&nbsp;<wbr>&nbsp;<wbr>&nbsp;<wbr>
这是太极拳的大多练法，走架多于站桩！</p>
<p>
&nbsp;<wbr>&nbsp;<wbr>&nbsp;<wbr>&nbsp;<wbr>&nbsp;<wbr>这里，还有一种，家师明确说，站桩是入门最切实际的方法！</p>
<p>
&nbsp;<wbr>&nbsp;<wbr>&nbsp;<wbr>&nbsp;<wbr>
至于怎么站法，姿势与方式造成的进步各不相同，这里也说平常练法，因为我以后会另篇专述，这里就以混元桩为例，高低无要求，屈膝就行，意不外驰，方法同走架，当你坚持10几分钟时，你试着动一下，那种动而难动，欲拔难出的感觉就是“劲”你要畅游其中，留住适量加深扩散，要一定注意呼吸平稳，身体体力及一切变化不可有难承受之意，千万不可操之过急，否则赶紧休息，至于更快捷的方法，不是不能说，因为稍有差错会有意外，请谅解！另述！</p>
<p>
&nbsp;<wbr>&nbsp;<wbr>&nbsp;<wbr>&nbsp;<wbr>&nbsp;<wbr>重申，意不外驰之法，眼观鼻，鼻观心，，，适用走架，适用站桩</p>
<p>
&nbsp;<wbr>&nbsp;<wbr>&nbsp;<wbr>&nbsp;<wbr>
重申，站桩尤为重要，</p>
<p>
&nbsp;<wbr>&nbsp;<wbr>&nbsp;<wbr>&nbsp;<wbr>
重申，走架套路要在上述情况下连打三次以上方为有效！</p>
<p>
&nbsp;<wbr>&nbsp;<wbr>&nbsp;<wbr>&nbsp;<wbr>
此述只对初学太极而言！一家之言，请自己定夺！</p>"
