blog-item-name,blog-item-link,blog-item-date,blog-item-viewcount
"http://blog.sina.com.cn/s/blog_5d9eeb970100nstv.html","绝世武功：人来人往","2011-01-05 11:43","(80/2172)"
"http://blog.sina.com.cn/s/blog_5d9eeb970100e57k.html","卖黑莓的小女孩","2009-07-16 11:14","(34/2406)"
"http://blog.sina.com.cn/s/blog_5d9eeb970100rofp.html","绝世武功：架构的简单与复杂","2011-06-21 05:34","(63/4309)"
"http://blog.sina.com.cn/s/blog_5d9eeb9701013qji.html","绝世武功：站桩的家世","2012-12-19 11:59","(232/13870)"
"http://blog.sina.com.cn/s/blog_5d9eeb970100hlnw.html","绝世武功：一本旧报纸，满目唏嘘声…","2010-03-25 11:25","(8/2096)"
"http://blog.sina.com.cn/s/blog_5d9eeb970100foal.html","绝世武功：再论呼吸的真与假","2009-10-21 08:56","(34/3709)"
"http://blog.sina.com.cn/s/blog_5d9eeb970102wt29.html","绝世武功：内家拳怎么看待拉伸锻炼…","2016-10-20 16:38","(5/1933)"
"http://blog.sina.com.cn/s/blog_5d9eeb970100d5qb.html","说武论道","2009-04-30 09:33","(79/5803)"
"http://blog.sina.com.cn/s/blog_5d9eeb970100qher.html","绝世武功：心语","2011-04-26 07:28","(85/2920)"
"http://blog.sina.com.cn/s/blog_5d9eeb970100m863.html","绝世武功：无为而为的武学观","2010-11-01 18:06","(41/2173)"
"http://blog.sina.com.cn/s/blog_5d9eeb970100fcau.html","绝世武功：关于套路的玄机","2009-09-29 15:10","(27/3672)"
"http://blog.sina.com.cn/s/blog_5d9eeb970101debx.html","绝世武功：五弓图","2014-04-16 08:14","(140/7422)"
"http://blog.sina.com.cn/s/blog_5d9eeb970102vtd6.html","绝世武功：世间","2015-06-26 07:14","(97/3911)"
"http://blog.sina.com.cn/s/blog_5d9eeb9701011ke4.html","绝世武功：门道","2012-09-06 11:54","(96/3832)"
"http://blog.sina.com.cn/s/blog_5d9eeb970100kkfe.html","绝世武功：站桩对话（—）","2010-08-05 07:22","(101/7057)"
"http://blog.sina.com.cn/s/blog_5d9eeb970100xdf7.html","绝世武功：武道要明理","2012-03-27 08:18","(82/3797)"
"http://blog.sina.com.cn/s/blog_5d9eeb970102uxia.html","绝世武功：艰涩的武学","2014-07-28 07:52","(102/4063)"
"http://blog.sina.com.cn/s/blog_5d9eeb970100wlaf.html","绝世武功：《武学要素》","2012-02-23 16:21","(53/4238)"
"http://blog.sina.com.cn/s/blog_5d9eeb970100nk4k.html","绝世武功：觉知","2010-12-26 09:38","(70/2557)"
"http://blog.sina.com.cn/s/blog_5d9eeb970100joo2.html","绝世武功：说筋膜","2010-06-30 08:56","(52/4004)"
"http://blog.sina.com.cn/s/blog_5d9eeb970100w1wy.html","绝世武功：祝学子们家家和睦，事业…","2012-01-22 15:04","(86/1652)"
"http://blog.sina.com.cn/s/blog_5d9eeb970100whsn.html","绝世武功：龙年腾飞","2012-02-19 10:51","(17/1507)"
"http://blog.sina.com.cn/s/blog_5d9eeb970102uz3p.html","绝世武功：脚弓锻炼的辅助动作","2014-08-18 07:56","(108/7978)"
"http://blog.sina.com.cn/s/blog_5d9eeb970102v0wg.html","绝世武功：川字步新解","2014-09-10 12:22","(98/5687)"
"http://blog.sina.com.cn/s/blog_5d9eeb970100qvac.html","绝世武功：虚灵顶劲是只箭","2011-05-14 07:16","(101/4693)"
"http://blog.sina.com.cn/s/blog_5d9eeb970100fi0e.html","绝世武功：关于练拳与运动","2009-10-09 08:37","(25/3050)"
"http://blog.sina.com.cn/s/blog_5d9eeb970101dnyp.html","绝世武功：说弓解法","2014-04-29 20:56","(160/5596)"
"http://blog.sina.com.cn/s/blog_5d9eeb970100pb9y.html","绝世武功：心理学与生理学","2011-03-08 07:21","(75/2458)"
"http://blog.sina.com.cn/s/blog_5d9eeb970100dv4m.html","绝世武功：动桩训练之精华篇（二）","2009-06-25 08:40","(60/6054)"
"http://blog.sina.com.cn/s/blog_5d9eeb970100r1zh.html","绝世武功：舞者","2011-05-23 06:54","(39/2323)"
"http://blog.sina.com.cn/s/blog_5d9eeb970100dz69.html","绝世武功：动桩训练之精华篇（三）","2009-07-03 15:25","(54/5760)"
"http://blog.sina.com.cn/s/blog_5d9eeb970100hwf1.html","绝世武功：法无定论","2010-04-11 12:43","(54/2296)"
"http://blog.sina.com.cn/s/blog_5d9eeb970100f51j.html","竹青王昶","2009-09-15 14:55","(8/1681)"
"http://blog.sina.com.cn/s/blog_5d9eeb970100f5pu.html","绝世武功摘抄：太极心法笔记","2009-09-17 09:09","(58/6896)"
"http://blog.sina.com.cn/s/blog_5d9eeb970100f7gf.html","绝世武功的神话传奇","2009-09-21 08:23","(13/3659)"
"http://blog.sina.com.cn/s/blog_5d9eeb970100dd0n.html","武学之桩精解！！！！","2009-05-14 08:24","(105/8554)"
"http://blog.sina.com.cn/s/blog_5d9eeb970102vyf1.html","绝世武功：提五个事情","2015-08-30 07:37","(77/3482)"
"http://blog.sina.com.cn/s/blog_5d9eeb970100ezrn.html","绝世武功：今人古书","2009-09-04 10:52","(9/2084)"
"http://blog.sina.com.cn/s/blog_5d9eeb970100lren.html","绝世武功：三叔","2010-10-09 12:38","(41/2561)"
"http://blog.sina.com.cn/s/blog_5d9eeb970100cb8l.html","修行之路","2009-03-03 20:16","(143/8948)"
"http://blog.sina.com.cn/s/blog_5d9eeb970102wuk8.html","内家拳的功与术","2016-11-10 09:57","(13/1969)"
"http://blog.sina.com.cn/s/blog_5d9eeb970100paid.html","绝世武功：空无与实有","2011-03-07 07:26","(68/2403)"
"http://blog.sina.com.cn/s/blog_5d9eeb9701010zqe.html","绝世武功：没心没肺功","2012-08-15 10:17","(251/14348)"
"http://blog.sina.com.cn/s/blog_5d9eeb970100dij8.html","因留言而来的艺术者，请喝茶。","2009-05-26 09:00","(306/9530)"
"http://blog.sina.com.cn/s/blog_5d9eeb9701015biq.html","绝世武功：春耕","2013-03-05 11:16","(72/2452)"
"http://blog.sina.com.cn/s/blog_5d9eeb970100df4x.html","武学之劲“圆”！","2009-05-19 08:15","(76/5300)"
"http://blog.sina.com.cn/s/blog_5d9eeb9701014vom.html","绝世武功：回家过年","2013-02-08 22:14","(127/2617)"
"http://blog.sina.com.cn/s/blog_5d9eeb970100bhrl.html","太祖爷爷的江湖逸事","2008-12-06 13:00","(52/9727)"
"http://blog.sina.com.cn/s/blog_5d9eeb970102vp59.html","绝世武功：说个话","2015-04-17 07:52","(97/3549)"
"http://blog.sina.com.cn/s/blog_5d9eeb9701017a2d.html","绝世武功：一个说明","2013-05-21 07:16","(84/3097)"
"http://blog.sina.com.cn/s/blog_5d9eeb970102w0tm.html","绝世武功：内家拳的核心","2015-10-05 08:00","(86/6816)"
"http://blog.sina.com.cn/s/blog_5d9eeb970100jwyq.html","绝世武功：对话","2010-07-09 05:57","(54/2214)"
"http://blog.sina.com.cn/s/blog_5d9eeb970100tmid.html","绝世武功：武与舞本没有太多的区别","2011-09-24 07:46","(40/2791)"
"http://blog.sina.com.cn/s/blog_5d9eeb970100heof.html","绝世武功：多数不是共识，明智才是…","2010-03-14 09:30","(91/2776)"
"http://blog.sina.com.cn/s/blog_5d9eeb970100dqsh.html","绝世武功：往复需折叠  进退必转换…","2009-06-15 09:49","(77/4877)"
"http://blog.sina.com.cn/s/blog_5d9eeb9701017rar.html","绝世武功：武学与正法","2013-06-13 05:55","(89/4393)"
"http://blog.sina.com.cn/s/blog_5d9eeb970102uwbd.html","绝世武功：武学大忌，何谓代偿","2014-07-01 06:44","(173/5392)"
"http://blog.sina.com.cn/s/blog_5d9eeb970100f5e8.html","水性，人性","2009-09-16 09:02","(32/2456)"
"http://blog.sina.com.cn/s/blog_5d9eeb970102uxn5.html","绝世武功：好友满了","2014-07-31 09:20","(24/2664)"
"http://blog.sina.com.cn/s/blog_5d9eeb970100euyq.html","绝世武功：集字","2009-08-24 15:25","(16/2011)"
"http://blog.sina.com.cn/s/blog_5d9eeb970100u2jd.html","绝世武功：脚到手到方为真","2011-10-15 06:34","(109/5227)"
"http://blog.sina.com.cn/s/blog_5d9eeb970100dgpl.html","内家拳的心意练法：阴阳论！","2009-05-22 08:34","(78/6777)"
"http://blog.sina.com.cn/s/blog_5d9eeb970100n38t.html","绝世武功：关于养生与武学","2010-12-06 21:28","(50/2637)"
"http://blog.sina.com.cn/s/blog_5d9eeb970100ptzx.html","绝世武功：脊柱与武学","2011-03-27 10:23","(61/4946)"
"http://blog.sina.com.cn/s/blog_5d9eeb9701011xgy.html","绝世武功：旱地划船法","2012-09-23 07:32","(153/9273)"
"http://blog.sina.com.cn/s/blog_5d9eeb970100gtm6.html","绝世武功：没有意义的武学训练是武…","2010-01-27 11:41","(51/3134)"
"http://blog.sina.com.cn/s/blog_5d9eeb970100farf.html","绝世武功：对于只喜欢套路的练拳者…","2009-09-26 16:48","(22/3471)"
"http://blog.sina.com.cn/s/blog_5d9eeb970100hrda.html","绝世武功：生活就是道场","2010-04-03 08:18","(66/2936)"
"http://blog.sina.com.cn/s/blog_5d9eeb970102wyoe.html","绝世武功：拉家常庆新春，鸡年大吉","2017-01-27 09:32","(16/747)"
"http://blog.sina.com.cn/s/blog_5d9eeb970100t679.html","绝世武功：贴身近打的神话","2011-09-02 07:21","(55/4827)"
"http://blog.sina.com.cn/s/blog_5d9eeb970100s7hy.html","绝世武功：人体内脏与呼吸","2011-07-18 07:04","(123/7413)"
"http://blog.sina.com.cn/s/blog_5d9eeb970102wb8r.html","绝世武功：觉与意的关系","2016-01-27 19:28","(100/4067)"
"http://blog.sina.com.cn/s/blog_5d9eeb970100o0yi.html","jueshiwugong:gaozhi","2011-01-14 11:28","(65/2074)"
"http://blog.sina.com.cn/s/blog_5d9eeb970100k2u3.html","绝世武功：一个武生的命运","2010-07-15 18:03","(39/2726)"
"http://blog.sina.com.cn/s/blog_5d9eeb970100lzjm.html","绝世武功：关系与联系","2010-10-20 09:13","(65/2524)"
"http://blog.sina.com.cn/s/blog_5d9eeb970100dxla.html","绝世武功：武学的谨记","2009-06-30 05:55","(73/3660)"
"http://blog.sina.com.cn/s/blog_5d9eeb970102vl1d.html","绝世武功：蒸蒸日上过大年","2015-02-18 07:51","(147/2322)"
"http://blog.sina.com.cn/s/blog_5d9eeb970102wo1a.html","绝世武功：人体运动功能康复理疗课…","2016-08-08 06:30","(12/1755)"
"http://blog.sina.com.cn/s/blog_5d9eeb970102v55t.html","绝世武功：拳学功法锻炼中的主谓宾","2014-11-14 09:36","(103/4446)"
"http://blog.sina.com.cn/s/blog_5d9eeb970100l3be.html","绝世武功：自己选择的，自己走","2010-09-04 18:03","(59/2276)"
"http://blog.sina.com.cn/s/blog_5d9eeb970101d0r7.html","绝世武功：武德摘抄","2014-03-24 07:40","(63/2821)"
"http://blog.sina.com.cn/s/blog_5d9eeb970102wemx.html","绝世武功：尖裆与圆裆","2016-03-23 09:08","(86/3720)"
"http://blog.sina.com.cn/s/blog_5d9eeb970100dd20.html","拳与艺术","2009-05-14 10:03","(48/3728)"
"http://blog.sina.com.cn/s/blog_5d9eeb970102w7fp.html","绝世武功：武者的体态与生活","2015-12-05 07:16","(105/4488)"
"http://blog.sina.com.cn/s/blog_5d9eeb970100oo0x.html","绝世武功：这样练功吧","2011-02-15 09:51","(86/5551)"
"http://blog.sina.com.cn/s/blog_5d9eeb970102vjt5.html","绝世武功：武学的心意","2015-01-27 07:44","(95/4531)"
"http://blog.sina.com.cn/s/blog_5d9eeb970102vk4x.html","绝世武功：关于修行","2015-02-02 08:02","(82/4901)"
"http://blog.sina.com.cn/s/blog_5d9eeb970102v337.html","绝世武功：神意","2014-10-11 08:02","(98/6868)"
"http://blog.sina.com.cn/s/blog_5d9eeb970100otx0.html","绝世武功：小童煮酒，老树禅人生","2011-02-22 10:54","(47/2131)"
"http://blog.sina.com.cn/s/blog_5d9eeb970101egl2.html","绝世武功：锻炼的害处与妙处","2014-06-19 18:57","(131/5929)"
"http://blog.sina.com.cn/s/blog_5d9eeb970100i57a.html","绝世武功：练拳打补丁","2010-04-22 08:18","(34/2558)"
"http://blog.sina.com.cn/s/blog_5d9eeb9701012p1o.html","绝世武功：练拳不是找帮手","2012-10-31 07:06","(72/3972)"
"http://blog.sina.com.cn/s/blog_5d9eeb970100bhe9.html","丹田与内劲的关系","2008-12-05 08:37","(146/12483)"
"http://blog.sina.com.cn/s/blog_5d9eeb970100bpoc.html","也谈站桩","2008-12-28 20:15","(164/13187)"
"http://blog.sina.com.cn/s/blog_5d9eeb970100i2xo.html","绝世武功：关于阴盛阳衰","2010-04-19 07:56","(36/2814)"
"http://blog.sina.com.cn/s/blog_5d9eeb970102w9ld.html","绝世武功：感恩","2016-01-03 06:59","(92/2643)"
"http://blog.sina.com.cn/s/blog_5d9eeb970102wnc8.html","绝世武功：内家拳的基础：开合篇","2016-08-01 12:40","(14/2345)"
"http://blog.sina.com.cn/s/blog_5d9eeb970100zl4b.html","拳学实相，不空论","2012-06-18 09:24","(109/4630)"
"http://blog.sina.com.cn/s/blog_5d9eeb970101dwjx.html","绝世武功：放松功","2014-05-15 08:47","(177/8952)"
"http://blog.sina.com.cn/s/blog_5d9eeb970100nad6.html","绝世武功：武学功法","2010-12-14 16:51","(79/4801)"
"http://blog.sina.com.cn/s/blog_5d9eeb9701010mbh.html","绝世武功：习惯要改变，阴阳须互为","2012-07-31 07:55","(79/5011)"
"http://blog.sina.com.cn/s/blog_5d9eeb970100nod0.html","绝世武功：传承的玩笑事","2010-12-31 07:49","(44/2481)"
"http://blog.sina.com.cn/s/blog_5d9eeb970100u9mm.html","绝世武功：知事","2011-10-24 07:16","(44/2550)"
"http://blog.sina.com.cn/s/blog_5d9eeb970100dloo.html","绝世武功：动桩训练（四）","2009-06-03 08:35","(73/7599)"
"http://blog.sina.com.cn/s/blog_5d9eeb970100okfz.html","绝世武功：革命","2011-02-10 09:42","(67/2517)"
"http://blog.sina.com.cn/s/blog_5d9eeb970100dnma.html","绝世武功：动桩训练（六）","2009-06-08 07:23","(82/7042)"
"http://blog.sina.com.cn/s/blog_5d9eeb970100knn4.html","绝世武功：粗说动静的练拳关系","2010-08-09 17:59","(31/2566)"
"http://blog.sina.com.cn/s/blog_5d9eeb9701012dhp.html","绝世武功：科学与武学","2012-10-17 08:08","(82/3809)"
"http://blog.sina.com.cn/s/blog_5d9eeb970100j50s.html","绝世武功：说重心","2010-06-07 20:30","(43/3025)"
"http://blog.sina.com.cn/s/blog_5d9eeb970100kzpc.html","绝世武功：武者：要打败的不是对手…","2010-08-30 08:44","(66/2391)"
"http://blog.sina.com.cn/s/blog_5d9eeb970100du9u.html","书拳释道：功夫之外看文章","2009-06-23 11:17","(17/3015)"
"http://blog.sina.com.cn/s/blog_5d9eeb970100qbup.html","绝世武功：关于脊柱与自由","2011-04-19 10:15","(50/5309)"
"http://blog.sina.com.cn/s/blog_5d9eeb9701012kir.html","绝世武功：端庄武学","2012-10-25 06:45","(163/5792)"
"http://blog.sina.com.cn/s/blog_5d9eeb970100wtkt.html","绝世武功：怎样用自己的“体质”来练…","2012-03-05 07:25","(104/7072)"
"http://blog.sina.com.cn/s/blog_5d9eeb970100dx0z.html","绝世武功：全才------钱财","2009-06-29 05:48","(38/3142)"
"http://blog.sina.com.cn/s/blog_5d9eeb970100liw3.html","绝世武功：哪个好，哪个孬？","2010-09-29 15:57","(83/2622)"
"http://blog.sina.com.cn/s/blog_5d9eeb970102w069.html","绝世武功：知错能改，是新武道人进…","2015-09-25 08:01","(168/2422)"
"http://blog.sina.com.cn/s/blog_5d9eeb970101b2qs.html","绝世武功：站桩的秘密","2013-11-26 06:20","(172/16556)"
"http://blog.sina.com.cn/s/blog_5d9eeb970102vr4f.html","绝世武功：不敢为师","2015-05-17 07:42","(93/3421)"
"http://blog.sina.com.cn/s/blog_5d9eeb9701010ewg.html","对错之间的距离","2012-07-22 10:05","(80/3796)"
"http://blog.sina.com.cn/s/blog_5d9eeb970100f87g.html","绝世武功：阴阳武学","2009-09-23 08:42","(56/4182)"
"http://blog.sina.com.cn/s/blog_5d9eeb970102vt19.html","绝世武功：端午龙舟","2015-06-20 08:22","(58/1319)"
"http://blog.sina.com.cn/s/blog_5d9eeb970100f4zy.html","杠杠字：静如其人","2009-09-15 14:01","(5/2137)"
"http://blog.sina.com.cn/s/blog_5d9eeb970100bi57.html","独家爆料:练习内家拳真功你必须知…","2008-12-07 13:38","(175/15600)"
"http://blog.sina.com.cn/s/blog_5d9eeb970100lfew.html","绝世武功：愿中秋圆满幸福","2010-09-24 09:23","(10/1029)"
"http://blog.sina.com.cn/s/blog_5d9eeb970100wbii.html","绝世武功：大家过年好啊","2012-02-09 18:06","(37/1220)"
"http://blog.sina.com.cn/s/blog_5d9eeb970102x2zj.html","绝世武功：端午的礼物","2017-05-30 08:56","(15/641)"
"http://blog.sina.com.cn/s/blog_5d9eeb970100e1lc.html","绝世武功：动桩训练之精华篇（五）","2009-07-08 07:20","(48/5430)"
"http://blog.sina.com.cn/s/blog_5d9eeb970101c39m.html","绝世武功：天下人合家欢乐","2014-01-30 20:03","(96/1982)"
"http://blog.sina.com.cn/s/blog_5d9eeb970102uyo4.html","绝世武功：没心没肺功法的补充动作","2014-08-11 08:56","(55/6039)"
"http://blog.sina.com.cn/s/blog_5d9eeb970100bh3w.html","练功阴阳之要义","2008-12-04 14:34","(234/13082)"
"http://blog.sina.com.cn/s/blog_5d9eeb970100e9if.html","绝世武功：动桩训练之精华篇（八）","2009-07-24 06:46","(30/5236)"
"http://blog.sina.com.cn/s/blog_5d9eeb970100hlb3.html","绝世武功：老课本本","2010-03-24 19:44","(16/1768)"
"http://blog.sina.com.cn/s/blog_5d9eeb970100ftc2.html","绝世武功：大道归一论丹田","2009-10-31 09:37","(63/4115)"
"http://blog.sina.com.cn/s/blog_5d9eeb970100tlrb.html","[转载]体态变化为哪般","2011-09-23 07:14","(36/3205)"
"http://blog.sina.com.cn/s/blog_5d9eeb9701016af4.html","绝世武功：腿功","2013-04-10 08:31","(151/11515)"
"http://blog.sina.com.cn/s/blog_5d9eeb970100fe81.html","绝世武功：论字画","2009-10-02 09:10","(10/1773)"
"http://blog.sina.com.cn/s/blog_5d9eeb9701012aoe.html","绝世武功：脚尖是堵墙","2012-10-13 09:32","(86/5863)"
"http://blog.sina.com.cn/s/blog_5d9eeb970100dtpj.html","绝世武功：动桩训练之精华篇（一）","2009-06-22 08:32","(42/8523)"
"http://blog.sina.com.cn/s/blog_5d9eeb970102x1aj.html","绝世武功：清明","2017-04-04 10:07","(17/632)"
"http://blog.sina.com.cn/s/blog_5d9eeb970100he9v.html","绝世武功：漫说“武学”的学问之二","2010-03-13 16:40","(68/3124)"
"http://blog.sina.com.cn/s/blog_5d9eeb970102wt28.html","绝世武功：内家拳怎么看待拉伸锻炼…","2016-10-20 16:36","(9/1147)"
"http://blog.sina.com.cn/s/blog_5d9eeb970100dv5j.html","绝世武功：现代大侠","2009-06-25 10:45","(32/3638)"
"http://blog.sina.com.cn/s/blog_5d9eeb970100dmww.html","绝世武功：动桩训练（五）","2009-06-06 06:20","(61/6243)"
"http://blog.sina.com.cn/s/blog_5d9eeb970100mtu1.html","绝世武功：哼哈二气","2010-11-25 10:42","(48/5071)"
"http://blog.sina.com.cn/s/blog_5d9eeb970100kac5.html","绝世武功：补缀动桩训练站姿规矩","2010-07-23 19:33","(122/5636)"
"http://blog.sina.com.cn/s/blog_5d9eeb970100do3q.html","书拳，真宝","2009-06-09 10:19","(16/3749)"
"http://blog.sina.com.cn/s/blog_5d9eeb970100dkfw.html","绝世武功：动桩训练（二）","2009-05-31 09:11","(150/10457)"
"http://blog.sina.com.cn/s/blog_5d9eeb970102vsjv.html","绝世武功：锻炼的科学与卫生","2015-06-10 07:58","(123/5213)"
"http://blog.sina.com.cn/s/blog_5d9eeb970100cgop.html","学佛","2009-03-14 22:12","(69/6270)"
"http://blog.sina.com.cn/s/blog_5d9eeb970100pvo1.html","绝世武功：记忆这东西","2011-03-29 07:42","(47/2305)"
"http://blog.sina.com.cn/s/blog_5d9eeb970100d9rb.html","上乘武学之：合","2009-05-08 11:25","(87/6361)"
"http://blog.sina.com.cn/s/blog_5d9eeb970100glwm.html","绝世武功：生命的连线","2010-01-07 09:30","(34/2398)"
"http://blog.sina.com.cn/s/blog_5d9eeb9701016oy2.html","绝世武功：道理无用论","2013-04-25 08:40","(86/3465)"
"http://blog.sina.com.cn/s/blog_5d9eeb970100ojkh.html","绝世武功：坐课","2011-02-09 10:08","(26/1954)"
"http://blog.sina.com.cn/s/blog_5d9eeb970100q39u.html","绝世武功：囡囡的涂鸦","2011-04-08 07:57","(89/2737)"
"http://blog.sina.com.cn/s/blog_5d9eeb97010114b9.html","绝世武功：门在哪里","2012-08-20 08:06","(104/4698)"
"http://blog.sina.com.cn/s/blog_5d9eeb970102wkcn.html","绝世武功：拳劲怎样才能起于脚呢？","2016-06-20 07:27","(14/2917)"
"http://blog.sina.com.cn/s/blog_5d9eeb970100u0qg.html","绝世武功：善缘齐天","2011-10-13 07:37","(58/2207)"
"http://blog.sina.com.cn/s/blog_5d9eeb970102wqdb.html","绝世武功：内家拳“脚弓”的事情","2016-09-07 07:36","(37/1741)"
"http://blog.sina.com.cn/s/blog_5d9eeb970100eblk.html","绝世武功：武学之呼吸","2009-07-27 07:42","(39/3782)"
"http://blog.sina.com.cn/s/blog_5d9eeb970100biyy.html","独家披露，练功的次序！！！！！！…","2008-12-09 17:43","(110/14623)"
"http://blog.sina.com.cn/s/blog_5d9eeb970100wotq.html","绝世武功：扯葫芦拉瓢论“拳意”","2012-02-29 16:04","(76/3441)"
"http://blog.sina.com.cn/s/blog_5d9eeb970100g6s4.html","绝世武功:""五趾抓地""的谜团","2009-11-29 10:31","(59/5664)"
"http://blog.sina.com.cn/s/blog_5d9eeb970100ncab.html","绝世武功:邮箱地址","2010-12-16 10:48","(18/1831)"
"http://blog.sina.com.cn/s/blog_5d9eeb970100poqf.html","绝世武功：身体与心意","2011-03-21 16:57","(99/3024)"
"http://blog.sina.com.cn/s/blog_5d9eeb9701018znd.html","慈悲喜舍的意义","2013-08-09 07:15","(114/5528)"
"http://blog.sina.com.cn/s/blog_5d9eeb970100vlpn.html","绝世武功：到底是“敛臀”还是“泛臀”…","2011-12-26 07:45","(128/10301)"
"http://blog.sina.com.cn/s/blog_5d9eeb970100mx1v.html","[转载]人体经络循环和主治疾病(动…","2010-11-29 21:51","(22/3225)"
"http://blog.sina.com.cn/s/blog_5d9eeb970100hh4d.html","绝世武功：漫说“武学”的学问之三","2010-03-17 21:54","(71/2818)"
"http://blog.sina.com.cn/s/blog_5d9eeb970100d90k.html","内家拳中的重要之诀：怎样圆裆！","2009-05-06 19:07","(89/8692)"
"http://blog.sina.com.cn/s/blog_5d9eeb970100hvv0.html","绝世武功：再说内家拳呼吸的真谛","2010-04-10 15:44","(49/5097)"
"http://blog.sina.com.cn/s/blog_5d9eeb97010196o1.html","绝世武功：降龙伏虎桩","2013-08-19 08:10","(115/12433)"
"http://blog.sina.com.cn/s/blog_5d9eeb97010106h8.html","站桩论","2012-07-13 08:53","(72/6613)"
"http://blog.sina.com.cn/s/blog_5d9eeb970100curo.html","怎样快速找到“劲”源","2009-04-17 09:26","(152/10665)"
"http://blog.sina.com.cn/s/blog_5d9eeb970102vrzb.html","绝世武功：祝福","2015-06-01 07:39","(88/2483)"
"http://blog.sina.com.cn/s/blog_5d9eeb970100cyb9.html","敬请注意","2009-04-22 08:26","(50/5507)"
"http://blog.sina.com.cn/s/blog_5d9eeb970102ww2s.html","绝世武功：关于新武道武学动作及身…","2016-12-07 19:45","(18/1722)"
"http://blog.sina.com.cn/s/blog_5d9eeb970100y49p.html","绝世武功：用功","2012-04-24 06:14","(78/3437)"
"http://blog.sina.com.cn/s/blog_5d9eeb970101d89f.html","绝世武功：清明一世，草木一秋","2014-04-05 08:42","(80/2595)"
"http://blog.sina.com.cn/s/blog_5d9eeb970102w3x0.html","绝世武功：愿","2015-10-28 16:28","(95/2978)"
"http://blog.sina.com.cn/s/blog_5d9eeb9701012slj.html","绝世武功：我们是莲藕人","2012-11-05 06:55","(89/4463)"
"http://blog.sina.com.cn/s/blog_5d9eeb970100uzvz.html","动桩十字架构投射图谱","2011-11-25 07:23","(85/5597)"
"http://blog.sina.com.cn/s/blog_5d9eeb970100kryq.html","绝世武功：声明","2010-08-15 20:28","(51/2091)"
"http://blog.sina.com.cn/s/blog_5d9eeb970100ma5n.html","绝世武功：武学的加减世界","2010-11-04 09:04","(49/2197)"
"http://blog.sina.com.cn/s/blog_5d9eeb970102vlrg.html","绝世武功：神意浮萍","2015-03-06 06:53","(125/5827)"
"http://blog.sina.com.cn/s/blog_5d9eeb970100ep7y.html","绝世武功：关于稍节","2009-08-12 17:44","(54/4070)"
"http://blog.sina.com.cn/s/blog_5d9eeb970102vzfc.html","绝世武功：武者需要的知识","2015-09-15 08:30","(56/3307)"
"http://blog.sina.com.cn/s/blog_5d9eeb970102wjdw.html","绝世武功：武人傻杆子","2016-06-03 23:45","(15/1998)"
"http://blog.sina.com.cn/s/blog_5d9eeb970100v3il.html","绝世武功：漫说“武学”","2011-11-30 07:48","(69/3794)"
"http://blog.sina.com.cn/s/blog_5d9eeb970100rc18.html","绝世武功：功夫力学之猜想","2011-06-05 06:03","(44/2979)"
"http://blog.sina.com.cn/s/blog_5d9eeb970100ndb5.html","绝世武功：最后一关","2010-12-17 15:53","(86/4840)"
"http://blog.sina.com.cn/s/blog_5d9eeb970100oh10.html","绝世武功：问个好","2011-02-05 16:15","(23/1207)"
"http://blog.sina.com.cn/s/blog_5d9eeb970102x2yu.html","绝世武功：拳之道","2017-05-29 06:51","(47/715)"
"http://blog.sina.com.cn/s/blog_5d9eeb970100drgp.html","绝世武功：书拳释道","2009-06-16 16:32","(7/1938)"
"http://blog.sina.com.cn/s/blog_5d9eeb970100dpo3.html","绝世武功之动功身法：往复须折叠  …","2009-06-12 08:59","(58/5465)"
"http://blog.sina.com.cn/s/blog_5d9eeb970102wzc3.html","绝世武功：我是一位武者","2017-02-16 08:04","(8/1624)"
"http://blog.sina.com.cn/s/blog_5d9eeb970102vhdd.html","绝世武功：莫急","2014-12-18 07:11","(53/2901)"
"http://blog.sina.com.cn/s/blog_5d9eeb970100siu2.html","绝世武功：武学与“意识”","2011-08-02 06:39","(108/3808)"
"http://blog.sina.com.cn/s/blog_5d9eeb9701010wks.html","绝世武功：重心，不空，掌控","2012-08-12 08:19","(99/5366)"
"http://blog.sina.com.cn/s/blog_5d9eeb970100topw.html","绝世武功：崩拳“蹬”字直言","2011-09-27 06:36","(109/5060)"
"http://blog.sina.com.cn/s/blog_5d9eeb970101cj6s.html","绝世武功：观察","2014-02-25 08:13","(99/4764)"
"http://blog.sina.com.cn/s/blog_5d9eeb970101a3yq.html","绝世武功：形与意","2013-10-04 08:27","(181/7249)"
"http://blog.sina.com.cn/s/blog_5d9eeb970100hfrb.html","绝世武功：乱弹琴","2010-03-16 09:09","(44/2361)"
"http://blog.sina.com.cn/s/blog_5d9eeb970100rfh6.html","绝世武功：功夫力学之猜想","2011-06-09 20:02","(72/3590)"
"http://blog.sina.com.cn/s/blog_5d9eeb970101chaj.html","绝世武功：丹田弹抖功","2014-02-24 12:05","(140/15120)"
"http://blog.sina.com.cn/s/blog_5d9eeb970102wll9.html","内家拳的胯怎么练？","2016-07-12 20:14","(22/4040)"
"http://blog.sina.com.cn/s/blog_5d9eeb970100e13d.html","绝世武功：武学之“欲”与真有的联系…","2009-07-07 06:52","(67/3148)"
"http://blog.sina.com.cn/s/blog_5d9eeb970100ukuh.html","绝世武功：龙年来了","2011-11-06 22:09","(44/1795)"
"http://blog.sina.com.cn/s/blog_5d9eeb970100e4hf.html","绝世武功：动桩训练之精华篇（七）","2009-07-14 06:38","(44/5674)"
"http://blog.sina.com.cn/s/blog_5d9eeb970100dj94.html","端午自省，祝快乐！","2009-05-28 07:39","(25/2577)"
"http://blog.sina.com.cn/s/blog_5d9eeb970101apad.html","绝世武功：兴衰一瞬间","2013-11-04 08:11","(80/4105)"
"http://blog.sina.com.cn/s/blog_5d9eeb970100n6h0.html","绝世武功：武学的对立统一  传承与…","2010-12-10 09:36","(57/2023)"
"http://blog.sina.com.cn/s/blog_5d9eeb970100l97b.html","绝世武功：武学公式","2010-09-13 19:59","(59/3816)"
"http://blog.sina.com.cn/s/blog_5d9eeb970100grb5.html","绝世武功：医治的也许是思想而不是…","2010-01-21 14:25","(51/2165)"
"http://blog.sina.com.cn/s/blog_5d9eeb9701013q0t.html","绝世武功：武学的知己功夫","2012-12-18 19:39","(97/5147)"
"http://blog.sina.com.cn/s/blog_5d9eeb970102wd4a.html","绝世武功：锻炼的记忆习惯模式与佛…","2016-03-04 21:36","(56/2683)"
"http://blog.sina.com.cn/s/blog_5d9eeb970100lgu6.html","绝世武功：命运","2010-09-26 19:46","(33/1872)"
"http://blog.sina.com.cn/s/blog_5d9eeb970100dq83.html","绝世武功：博友之书，未名是真心","2009-06-13 15:50","(15/2281)"
"http://blog.sina.com.cn/s/blog_5d9eeb970100t4r5.html","绝世武功：认识与身知","2011-08-31 07:44","(80/3339)"
"http://blog.sina.com.cn/s/blog_5d9eeb970100yiux.html","绝世武功：串串子","2012-05-10 18:30","(126/5570)"
"http://blog.sina.com.cn/s/blog_5d9eeb970100e0ob.html","绝世武功：武者心事，大德至上也。","2009-07-06 06:39","(37/2518)"
"http://blog.sina.com.cn/s/blog_5d9eeb970100cs56.html","武术中的“劲”","2009-04-11 09:24","(107/8963)"
"http://blog.sina.com.cn/s/blog_5d9eeb970102wqwv.html","绝世武功：中秋快乐","2016-09-16 22:16","(3/577)"
"http://blog.sina.com.cn/s/blog_5d9eeb970100kww5.html","绝世武功：说感觉","2010-08-24 21:39","(49/2377)"
"http://blog.sina.com.cn/s/blog_5d9eeb970102vnnp.html","绝世武功：神意的前提补充","2015-03-27 09:26","(144/5293)"
"http://blog.sina.com.cn/s/blog_5d9eeb970101d4si.html","绝世武功：浑圆桩的功用之一","2014-03-30 08:30","(107/9365)"
"http://blog.sina.com.cn/s/blog_5d9eeb970100czk0.html","武学与道教，佛教的关系！","2009-04-23 09:04","(85/6900)"
"http://blog.sina.com.cn/s/blog_5d9eeb970100q5ja.html","绝世武功：气以直养而无害","2011-04-11 11:20","(77/5094)"
"http://blog.sina.com.cn/s/blog_5d9eeb970100dsr1.html","绝世武功：书拳同道  画眼我心","2009-06-19 16:23","(9/1987)"
"http://blog.sina.com.cn/s/blog_5d9eeb970100obpi.html","绝世武功：为过年添个“菜”。","2011-01-27 10:07","(92/2070)"
"http://blog.sina.com.cn/s/blog_5d9eeb970100mdz4.html","绝世武功：不可说，不可不说","2010-11-09 17:30","(37/2723)"
"http://blog.sina.com.cn/s/blog_5d9eeb970100ezws.html","绝世武功：拜师学道所需法信","2009-09-04 16:10","(43/2518)"
"http://blog.sina.com.cn/s/blog_5d9eeb970100tmih.html","绝世武功：肌肉骨骼图片及视频","2011-09-24 08:33","(19/4284)"
"http://blog.sina.com.cn/s/blog_5d9eeb970100vsbx.html","绝世武功：详解动桩五弓的来龙去脉","2012-01-05 07:16","(143/7758)"
"http://blog.sina.com.cn/s/blog_5d9eeb970100hbno.html","绝世武功：先生送来了画像，发上来…","2010-03-09 14:47","(35/2676)"
"http://blog.sina.com.cn/s/blog_5d9eeb970100drnd.html","绝世武功：书拳释道系列","2009-06-17 08:40","(8/1954)"
"http://blog.sina.com.cn/s/blog_5d9eeb970100n03x.html","绝世武功：关于养生与武学","2010-12-03 08:28","(41/2453)"
"http://blog.sina.com.cn/s/blog_5d9eeb970100j8z5.html","绝世武功：动与静的养生武学关系","2010-06-12 07:34","(48/2780)"
"http://blog.sina.com.cn/s/blog_5d9eeb970100npf9.html","[转载]介绍一种与老师沟通简单有效…","2011-01-01 13:24","(26/3302)"
"http://blog.sina.com.cn/s/blog_5d9eeb970100l2a5.html","我的博客今天1岁274天啦！","2010-09-03 12:54","(20/1100)"
"http://blog.sina.com.cn/s/blog_5d9eeb9701013e4a.html","心物","2012-12-03 08:31","(99/3676)"
"http://blog.sina.com.cn/s/blog_5d9eeb970102x1op.html","绝世武功：内家拳的“节节贯穿”到底…","2017-04-14 07:42","(7/1207)"
"http://blog.sina.com.cn/s/blog_5d9eeb970102wf50.html","绝世武功：现代科学研究运动模式的…","2016-03-29 16:31","(57/2499)"
"http://blog.sina.com.cn/s/blog_5d9eeb970100wghx.html","绝世武功:说练功","2012-02-17 08:21","(51/4062)"
"http://blog.sina.com.cn/s/blog_5d9eeb970102wkv6.html","绝世武功：内家拳的拳意怎么做？","2016-06-29 16:23","(21/2233)"
"http://blog.sina.com.cn/s/blog_5d9eeb970102uw81.html","绝世武功：力与劲的关系","2014-06-29 06:44","(103/4614)"
"http://blog.sina.com.cn/s/blog_5d9eeb970102wjq5.html","绝世武功：端午节里武人干什么？","2016-06-09 09:31","(22/1326)"
"http://blog.sina.com.cn/s/blog_5d9eeb970100o3zn.html","绝世武功：武学与拳道","2011-01-17 17:12","(63/2558)"
"http://blog.sina.com.cn/s/blog_5d9eeb970100iuxm.html","绝世武功：不知道说什么，乱弹琴。","2010-05-26 05:59","(38/2253)"
"http://blog.sina.com.cn/s/blog_5d9eeb970100hpqp.html","绝世武功：我是谁？","2010-03-31 17:57","(56/2762)"
"http://blog.sina.com.cn/s/blog_5d9eeb970100xpg4.html","绝世武功：强说上下相随之动桩","2012-04-09 10:50","(163/7543)"
"http://blog.sina.com.cn/s/blog_5d9eeb970101649v.html","清明祭","2013-04-03 10:39","(59/1525)"
"http://blog.sina.com.cn/s/blog_5d9eeb970102wiwc.html","绝世武功：器物与拳形","2016-05-24 07:36","(35/2097)"
"http://blog.sina.com.cn/s/blog_5d9eeb9701013apc.html","绝世武功：不得不改邮箱了","2012-11-28 20:27","(36/2535)"
"http://blog.sina.com.cn/s/blog_5d9eeb970100dr6v.html","绝世武功：书拳释道","2009-06-16 05:57","(6/2202)"
"http://blog.sina.com.cn/s/blog_5d9eeb9701019r6q.html","绝世武功：肌梭与键梭在武术中的重…","2013-09-15 06:50","(95/4593)"
"http://blog.sina.com.cn/s/blog_5d9eeb970100iyhi.html","绝世武功：武学的规矩","2010-05-30 18:38","(43/2890)"
"http://blog.sina.com.cn/s/blog_5d9eeb970102uxn1.html","绝世武功：形曲力直解","2014-07-31 08:27","(60/4487)"
"http://blog.sina.com.cn/s/blog_5d9eeb970101bn1i.html","绝世武功：论谋事在人，成事在天","2013-12-28 10:29","(109/4069)"
"http://blog.sina.com.cn/s/blog_5d9eeb970100q4q9.html","绝世武功：摘抄","2011-04-10 09:31","(73/3119)"
"http://blog.sina.com.cn/s/blog_5d9eeb970100l75p.html","绝世武功：节日的礼物","2010-09-10 09:30","(39/1628)"
"http://blog.sina.com.cn/s/blog_5d9eeb9701019u0i.html","绝世武功：中秋快乐","2013-09-19 08:34","(83/1498)"
"http://blog.sina.com.cn/s/blog_5d9eeb970101e6sy.html","绝世武功：端午节","2014-06-02 07:32","(71/1716)"
"http://blog.sina.com.cn/s/blog_5d9eeb970100ouub.html","绝世武功：变则通","2011-02-23 10:16","(59/2874)"
"http://blog.sina.com.cn/s/blog_5d9eeb970100nln2.html","绝世武功：劲之始“棚”说","2010-12-28 10:34","(61/3504)"
"http://blog.sina.com.cn/s/blog_5d9eeb970100doy2.html","绝世武功：书画艺术与武学艺术之间…","2009-06-11 08:10","(22/2755)"
"http://blog.sina.com.cn/s/blog_5d9eeb970100d9qo.html","武学之五脏","2009-05-08 10:53","(37/5049)"
"http://blog.sina.com.cn/s/blog_5d9eeb970100bh2v.html","开坛","2008-12-04 13:19","(325/11681)"
"http://blog.sina.com.cn/s/blog_5d9eeb970100hu8v.html","绝世武功：大话诚信论武学","2010-04-08 06:33","(37/2323)"
"http://blog.sina.com.cn/s/blog_5d9eeb970100ncii.html","绝世武功：一壶酒，高了","2010-12-16 15:41","(105/2410)"
"http://blog.sina.com.cn/s/blog_5d9eeb970100dsy1.html","绝世武功：友之书","2009-06-20 07:58","(17/2020)"
"http://blog.sina.com.cn/s/blog_5d9eeb970100y758.html","绝世武功：人生","2012-04-27 07:27","(61/3447)"
"http://blog.sina.com.cn/s/blog_5d9eeb970100icb3.html","绝世武功：发几个图，以其说明大拳…","2010-05-02 15:40","(52/5556)"
"http://blog.sina.com.cn/s/blog_5d9eeb970100ezx6.html","绝世武功：转载“小论杀戒”","2009-09-04 16:36","(38/2173)"
"http://blog.sina.com.cn/s/blog_5d9eeb970100t848.html","绝世武功：证悟的实质","2011-09-05 06:21","(77/3274)"
"http://blog.sina.com.cn/s/blog_5d9eeb970100h3rk.html","绝世武功：漫说“武学”的学问，之一…","2010-02-21 10:34","(133/3877)"
"http://blog.sina.com.cn/s/blog_5d9eeb970100jhh4.html","绝世武功：擦亮眼睛修武道","2010-06-22 09:57","(45/2623)"
"http://blog.sina.com.cn/s/blog_5d9eeb970100vg09.html","绝世武功：骨架与平衡","2011-12-17 10:27","(107/8595)"
"http://blog.sina.com.cn/s/blog_5d9eeb9701017ziy.html","绝世武功：不知不觉，已知已觉，先…","2013-06-25 07:28","(177/6544)"
"http://blog.sina.com.cn/s/blog_5d9eeb970100m55k.html","绝世武功：生长","2010-10-28 10:32","(63/2083)"
"http://blog.sina.com.cn/s/blog_5d9eeb970102x21y.html","绝世武功：新武道武医基础培训之筋…","2017-04-25 15:58","(9/1039)"
"http://blog.sina.com.cn/s/blog_5d9eeb97010122c0.html","绝世武功：圆满快乐","2012-09-30 08:35","(43/1929)"
"http://blog.sina.com.cn/s/blog_5d9eeb970100gczi.html","绝世武功：踏一步，慢慢走","2009-12-15 09:45","(46/3280)"
"http://blog.sina.com.cn/s/blog_5d9eeb970100e4zr.html","绝世武功：关公门前耍大刀","2009-07-15 05:48","(13/3032)"
"http://blog.sina.com.cn/s/blog_5d9eeb970100dzjw.html","绝世武功：动桩训练之精华篇（四）","2009-07-04 06:36","(43/5445)"
"http://blog.sina.com.cn/s/blog_5d9eeb9701016qpc.html","绝世武功：一个问题","2013-04-27 07:06","(417/5296)"
"http://blog.sina.com.cn/s/blog_5d9eeb970102wp55.html","绝世武功：内家拳传承发扬的脉络","2016-08-21 18:16","(4/1415)"
"http://blog.sina.com.cn/s/blog_5d9eeb970101ed55.html","绝世武功：说猫步谈胯","2014-06-14 07:42","(236/11640)"
"http://blog.sina.com.cn/s/blog_5d9eeb970100dpeg.html","绝世武功：书拳释道","2009-06-11 15:07","(19/2410)"
"http://blog.sina.com.cn/s/blog_5d9eeb970102w6oh.html","绝世武功：悟心容易，息心难","2015-11-25 07:02","(90/4305)"
"http://blog.sina.com.cn/s/blog_5d9eeb970102wbsq.html","绝世武功：热气腾腾的饺子","2016-02-08 07:13","(76/1915)"
"http://blog.sina.com.cn/s/blog_5d9eeb970100mngi.html","绝世武功：关于给我的视频问题","2010-11-19 17:44","(40/2813)"
"http://blog.sina.com.cn/s/blog_5d9eeb970100lyc8.html","绝世武功：老四","2010-10-18 17:36","(36/2365)"
"http://blog.sina.com.cn/s/blog_5d9eeb970100i8ei.html","绝世武功：智者与富豪","2010-04-26 08:55","(16/2041)"
"http://blog.sina.com.cn/s/blog_5d9eeb970100nglz.html","绝世武功：过程","2010-12-21 08:58","(58/2190)"
"http://blog.sina.com.cn/s/blog_5d9eeb970100dqrd.html","绝世武功：花中之贵，荷者也。","2009-06-15 08:34","(9/2169)"
"http://blog.sina.com.cn/s/blog_5d9eeb970100oqpy.html","绝世武功：“探索”","2011-02-18 10:16","(70/2407)"
"http://blog.sina.com.cn/s/blog_5d9eeb970100ngnf.html","绝世武功：第九十八回 猿熟马驯方…","2010-12-21 10:45","(73/2658)"
"http://blog.sina.com.cn/s/blog_5d9eeb970102vi4v.html","绝世武功：一念之间","2014-12-31 11:34","(121/4844)"
"http://blog.sina.com.cn/s/blog_5d9eeb970102v0r1.html","绝世武功：温暖中秋","2014-09-07 17:30","(117/1923)"
"http://blog.sina.com.cn/s/blog_5d9eeb970100n99d.html","绝世武功：劲力","2010-12-13 11:03","(34/2986)"
"http://blog.sina.com.cn/s/blog_5d9eeb9701011tmq.html","绝世武功：武学的草绳原理","2012-09-18 06:38","(65/4346)"
"http://blog.sina.com.cn/s/blog_5d9eeb970100gjdv.html","绝世武功：新年好","2009-12-31 21:00","(23/1319)"
"http://blog.sina.com.cn/s/blog_5d9eeb970100qoxs.html","绝世武功：心的旅程","2011-05-06 09:19","(80/2498)"
"http://blog.sina.com.cn/s/blog_5d9eeb970100pzo0.html","绝世武功：清明祭","2011-04-03 08:28","(33/1570)"
"http://blog.sina.com.cn/s/blog_5d9eeb970100d2ik.html","桩功之要义","2009-04-26 08:55","(232/12544)"
"http://blog.sina.com.cn/s/blog_5d9eeb970101boz9.html","绝世武功：马年好","2014-01-01 08:08","(106/1610)"
"http://blog.sina.com.cn/s/blog_5d9eeb970100ee8n.html","绝世武功:动桩训练之精华篇(九)","2009-07-29 07:00","(153/7400)"
"http://blog.sina.com.cn/s/blog_5d9eeb9701017ngz.html","绝世武功：镜子人生","2013-06-07 08:46","(97/2755)"
"http://blog.sina.com.cn/s/blog_5d9eeb970100r73b.html","绝世武功：功夫力学","2011-05-29 08:10","(69/3920)"
"http://blog.sina.com.cn/s/blog_5d9eeb970101702j.html","绝世武功：力不出尖，形不破体","2013-05-09 08:39","(188/8463)"
"http://blog.sina.com.cn/s/blog_5d9eeb970100cuwk.html","“劲”的实质","2009-04-17 16:03","(84/7310)"
"http://blog.sina.com.cn/s/blog_5d9eeb970100e6l4.html","绝世武功：剑侠旧事","2009-07-20 06:42","(23/2895)"
"http://blog.sina.com.cn/s/blog_5d9eeb970100ksgr.html","绝世武功：武学理论与层次的关系，…","2010-08-16 17:47","(63/2585)"
"http://blog.sina.com.cn/s/blog_5d9eeb970102wfgh.html","绝世武功：寒食","2016-04-03 09:15","(67/1988)"
"http://blog.sina.com.cn/s/blog_5d9eeb970102ux3b.html","绝世武功：惭愧心","2014-07-18 08:21","(89/3250)"
"http://blog.sina.com.cn/s/blog_5d9eeb970100dl12.html","绝世武功：动桩训练（三）","2009-06-01 16:30","(97/8376)"
"http://blog.sina.com.cn/s/blog_5d9eeb970100nuy6.html","绝世武功：武学玄虚与科学的关系","2011-01-07 17:58","(55/2544)"
"http://blog.sina.com.cn/s/blog_5d9eeb970100mpsh.html","绝世武功：武学","2010-11-21 20:18","(43/2396)"
"http://blog.sina.com.cn/s/blog_5d9eeb970100s0h6.html","绝世武功：关于“三尖”规矩","2011-07-07 07:06","(108/4644)"
"http://blog.sina.com.cn/s/blog_5d9eeb970102w2hi.html","绝世武功：拳学与锻炼活动的区别","2015-10-17 11:20","(98/3816)"
"http://blog.sina.com.cn/s/blog_5d9eeb970100f52q.html","绝世武功：古画如烟","2009-09-15 15:59","(11/1712)"
"http://blog.sina.com.cn/s/blog_5d9eeb970100ds2q.html","绝世武功：书画艺术与武学艺术的关…","2009-06-18 06:10","(15/1923)"
"http://blog.sina.com.cn/s/blog_5d9eeb970100kk2u.html","绝世武功：武学的不要搭错车","2010-08-04 17:50","(35/2545)"
"http://blog.sina.com.cn/s/blog_5d9eeb970102x213.html","2017年04月25日","2017-04-25 09:42","(1/473)"
"http://blog.sina.com.cn/s/blog_5d9eeb970102vt2p.html","绝世武功：武学锻炼需要的知己度人…","2015-06-21 08:33","(60/3888)"
"http://blog.sina.com.cn/s/blog_5d9eeb970100dmij.html","绝世武功：关于书画与“劲”的关系","2009-06-05 05:33","(43/3661)"
"http://blog.sina.com.cn/s/blog_5d9eeb9701015k3o.html","绝世武功：生活与武学阴阳意识论的…","2013-03-14 09:27","(130/4899)"
"http://blog.sina.com.cn/s/blog_5d9eeb970100j26q.html","绝世武功：发个提议","2010-06-04 11:13","(137/2295)"
"http://blog.sina.com.cn/s/blog_5d9eeb970100fm4u.html","绝世武功：否定的否定才是进步的武…","2009-10-17 08:30","(47/2519)"
"http://blog.sina.com.cn/s/blog_5d9eeb970102vtvt.html","绝世武功：骨骼，肌肉","2015-07-05 09:31","(55/4435)"
"http://blog.sina.com.cn/s/blog_5d9eeb970100v03j.html","绝世武功：通家","2011-11-25 12:22","(30/3041)"
"http://blog.sina.com.cn/s/blog_5d9eeb970100wcem.html","绝世武功：人体静动平衡与重心的剖…","2012-02-15 17:33","(52/4106)"
"http://blog.sina.com.cn/s/blog_5d9eeb970100ifst.html","绝世武功：棉衣一定要钉好扣子。","2010-05-07 22:43","(30/2535)"
"http://blog.sina.com.cn/s/blog_5d9eeb970100dalv.html","重要发帖","2009-05-09 16:14","(38/4797)"
"http://blog.sina.com.cn/s/blog_5d9eeb970100eae2.html","绝世武功：松的市情","2009-07-26 06:42","(58/3431)"
"http://blog.sina.com.cn/s/blog_5d9eeb970102v8f1.html","绝世武功：练拳去探宝","2014-11-28 10:42","(71/4792)"
"http://blog.sina.com.cn/s/blog_5d9eeb970100rtqo.html","绝世武功：十三势之：按字诀","2011-06-28 06:33","(66/4287)"
"http://blog.sina.com.cn/s/blog_5d9eeb970102v1za.html","绝世武功：劲","2014-09-21 09:03","(122/6155)"
"http://blog.sina.com.cn/s/blog_5d9eeb970100e20b.html","绝世武功：动桩训练之精华篇（六）","2009-07-09 06:40","(45/5269)"
"http://blog.sina.com.cn/s/blog_5d9eeb970100bh30.html","武术的区别与传承","2008-12-04 13:23","(147/10661)"
"http://blog.sina.com.cn/s/blog_5d9eeb9701011l2c.html","绝世武功：武道不可省略的前奏曲","2012-09-07 06:14","(101/4834)"
"http://blog.sina.com.cn/s/blog_5d9eeb970101bq3i.html","绝世武功：联系的重要性","2014-01-03 07:15","(128/4645)"
"http://blog.sina.com.cn/s/blog_5d9eeb970100fpfs.html","绝世武功：我是刀客","2009-10-24 10:13","(12/2698)"
"http://blog.sina.com.cn/s/blog_5d9eeb970100djed.html","绝世武功：动桩训练之（一）","2009-05-28 14:56","(148/13214)"
